parent_question,choice_question,correlation,p_value,n_pairs
1,1,0.0,1.0,6
1,2,0.3333333333333334,0.5185185185185184,6
1,3,0.0,1.0,6
1,4,-0.33333333333333337,0.5185185185185184,6
1,5,-0.7071067811865476,0.11611652351681563,6
1,6,0.447213595499958,0.373900966300059,6
1,7,-0.44721359549995804,0.3739009663000587,6
1,8,0.0,1.0,6
1,9,0.0,1.0,6
1,10,0.0,1.0,6
1,11,-0.33333333333333337,0.5185185185185184,6
1,12,-0.3333333333333334,0.5185185185185184,6
1,13,,,6
1,14,,,6
1,15,-1.3877787807814457e-17,1.0,6
1,16,-0.33333333333333337,0.5185185185185184,6
1,17,0.3333333333333334,0.5185185185185184,6
1,18,-0.44721359549995804,0.3739009663000587,6
1,19,1.3877787807814457e-17,1.0,6
1,20,0.447213595499958,0.373900966300059,6
1,21,0.447213595499958,0.373900966300059,6
1,22,0.3333333333333334,0.5185185185185184,6
1,23,-0.3333333333333334,0.5185185185185184,6
1,24,0.447213595499958,0.373900966300059,6
1,25,0.447213595499958,0.373900966300059,6
1,26,,,3
1,27,,,6
1,28,0.0,1.0,6
1,29,0.7071067811865475,0.11611652351681563,6
1,30,0.0,1.0,6
1,31,-0.44721359549995804,0.3739009663000587,6
1,32,0.0,1.0,6
1,33,-0.3333333333333334,0.5185185185185184,6
1,34,-0.3333333333333334,0.5185185185185184,6
1,35,0.33333333333333337,0.5185185185185184,6
1,36,0.44721359549995804,0.3739009663000587,6
1,37,0.3333333333333334,0.5185185185185184,6
1,38,-0.3333333333333334,0.5185185185185184,6
1,39,-0.7071067811865475,0.11611652351681563,6
1,40,-0.44721359549995804,0.3739009663000587,6
1,41,0.0,1.0,6
1,42,0.33333333333333337,0.5185185185185184,6
2,1,-0.1754116038614058,0.7395812342672976,6
2,2,-0.12403473458920852,0.8149020114591812,6
2,3,0.17541160386140586,0.7395812342672976,6
2,4,0.8682431421244593,0.024896163460222675,6
2,5,-0.17541160386140586,0.7395812342672976,6
2,6,0.05547001962252288,0.9168803090579427,6
2,7,0.6101702158477519,0.19833020871695373,6
2,8,0.6139406135149202,0.1947932722746623,6
2,9,-0.4385290096535146,0.38437273644795067,6
2,10,0.4385290096535146,0.38437273644795067,6
2,11,0.8682431421244593,0.024896163460222675,6
2,12,0.12403473458920852,0.8149020114591812,6
2,13,,,6
2,14,,,6
2,15,-0.3508232077228116,0.4953543088910327,6
2,16,0.8682431421244593,0.024896163460222675,6
2,17,0.12403473458920847,0.8149020114591812,6
2,18,0.6101702158477519,0.19833020871695373,6
2,19,0.3508232077228116,0.4953543088910327,6
2,20,0.05547001962252288,0.9168803090579427,6
2,21,0.3882901373576603,0.4468358966258561,6
2,22,-0.12403473458920852,0.8149020114591812,6
2,23,0.12403473458920852,0.8149020114591812,6
2,24,0.05547001962252288,0.9168803090579427,6
2,25,0.3882901373576603,0.4468358966258561,6
2,26,,,3
2,27,,,6
2,28,0.1754116038614058,0.7395812342672976,6
2,29,-0.1754116038614058,0.7395812342672976,6
2,30,-0.6139406135149202,0.1947932722746623,6
2,31,0.3882901373576603,0.4468358966258561,6
2,32,-0.9647638212377321,0.0018405080271156036,6
2,33,0.12403473458920852,0.8149020114591812,6
2,34,-0.12403473458920847,0.8149020114591812,6
2,35,-0.8682431421244593,0.024896163460222675,6
2,36,-0.6101702158477519,0.19833020871695373,6
2,37,-0.12403473458920852,0.8149020114591812,6
2,38,0.12403473458920852,0.8149020114591812,6
2,39,-0.35082320772281156,0.4953543088910327,6
2,40,0.3882901373576603,0.4468358966258561,6
2,41,0.1754116038614058,0.7395812342672976,6
2,42,-0.12403473458920847,0.8149020114591812,6
3,1,-0.24999999999999994,0.6328125,6
3,2,0.0,1.0,6
3,3,-0.5,0.3125,6
3,4,-0.7071067811865476,0.11611652351681563,6
3,5,-0.25,0.6328125,6
3,6,0.3162277660168379,0.5414697392755848,6
3,7,-0.31622776601683783,0.5414697392755853,6
3,8,-0.25,0.6328125,6
3,9,0.5,0.3125,6
3,10,-0.5,0.3125,6
3,11,-0.7071067811865476,0.11611652351681563,6
3,12,0.0,1.0,6
3,13,,,6
3,14,,,6
3,15,0.25000000000000006,0.6328125,6
3,16,-0.7071067811865476,0.11611652351681563,6
3,17,0.0,1.0,6
3,18,-0.31622776601683783,0.5414697392755853,6
3,19,-0.25000000000000006,0.6328125,6
3,20,0.3162277660168379,0.5414697392755848,6
3,21,0.3162277660168379,0.5414697392755848,6
3,22,0.0,1.0,6
3,23,0.0,1.0,6
3,24,0.3162277660168379,0.5414697392755848,6
3,25,0.3162277660168379,0.5414697392755848,6
3,26,,,3
3,27,,,6
3,28,0.24999999999999994,0.6328125,6
3,29,0.49999999999999994,0.3125,6
3,30,0.25,0.6328125,6
3,31,-0.6324555320336759,0.17780780835622126,6
3,32,0.5,0.3125,6
3,33,0.0,1.0,6
3,34,0.0,1.0,6
3,35,0.7071067811865476,0.11611652351681563,6
3,36,0.31622776601683783,0.5414697392755853,6
3,37,0.0,1.0,6
3,38,0.0,1.0,6
3,39,-0.49999999999999994,0.3125,6
3,40,-0.6324555320336759,0.17780780835622126,6
3,41,0.24999999999999994,0.6328125,6
3,42,0.7071067811865476,0.11611652351681563,6
4,1,2.7755575615628914e-17,1.0,6
4,2,-0.3333333333333334,0.5185185185185184,6
4,3,0.0,1.0,6
4,4,-0.3333333333333334,0.5185185185185184,6
4,5,0.0,1.0,6
4,6,-0.447213595499958,0.373900966300059,6
4,7,-0.44721359549995804,0.3739009663000587,6
4,8,-2.7755575615628914e-17,1.0,6
4,9,0.0,1.0,6
4,10,0.0,1.0,6
4,11,-0.3333333333333334,0.5185185185185184,6
4,12,-0.33333333333333337,0.5185185185185184,6
4,13,,,6
4,14,,,6
4,15,1.3877787807814457e-17,1.0,6
4,16,-0.3333333333333334,0.5185185185185184,6
4,17,-0.3333333333333334,0.5185185185185184,6
4,18,-0.44721359549995804,0.3739009663000587,6
4,19,-0.7071067811865476,0.11611652351681563,6
4,20,-0.447213595499958,0.373900966300059,6
4,21,-0.447213595499958,0.373900966300059,6
4,22,-0.3333333333333334,0.5185185185185184,6
4,23,0.3333333333333334,0.5185185185185184,6
4,24,-0.447213595499958,0.373900966300059,6
4,25,-0.447213595499958,0.373900966300059,6
4,26,,,3
4,27,,,6
4,28,-2.7755575615628914e-17,1.0,6
4,29,0.0,1.0,6
4,30,2.7755575615628914e-17,1.0,6
4,31,0.44721359549995804,0.3739009663000587,6
4,32,0.7071067811865476,0.11611652351681563,6
4,33,0.3333333333333334,0.5185185185185184,6
4,34,-0.33333333333333337,0.5185185185185184,6
4,35,0.3333333333333334,0.5185185185185184,6
4,36,0.44721359549995804,0.3739009663000587,6
4,37,-0.3333333333333334,0.5185185185185184,6
4,38,0.3333333333333334,0.5185185185185184,6
4,39,0.7071067811865475,0.11611652351681563,6
4,40,-0.44721359549995804,0.3739009663000587,6
4,41,-2.7755575615628914e-17,1.0,6
4,42,-0.33333333333333337,0.5185185185185184,6
5,1,0.1714985851425088,0.7452741603030384,6
5,2,0.242535625036333,0.6433299631818631,6
5,3,-0.17149858514250882,0.7452741603030384,6
5,4,-0.727606875108999,0.10119150721829538,6
5,5,-0.3429971702850176,0.5056805487068863,6
5,6,0.10846522890932803,0.8379401873942981,6
5,7,-0.7592566023652962,0.079959646545582,6
5,8,-0.34299717028501747,0.5056805487068866,6
5,9,0.17149858514250882,0.7452741603030384,6
5,10,-0.17149858514250882,0.7452741603030384,6
5,11,-0.727606875108999,0.10119150721829538,6
5,12,-0.242535625036333,0.6433299631818631,6
5,13,,,6
5,14,,,6
5,15,0.3429971702850176,0.5056805487068863,6
5,16,-0.727606875108999,0.10119150721829538,6
5,17,0.242535625036333,0.6433299631818631,6
5,18,-0.7592566023652962,0.079959646545582,6
5,19,-0.3429971702850176,0.5056805487068863,6
5,20,0.10846522890932803,0.8379401873942981,6
5,21,0.10846522890932803,0.8379401873942981,6
5,22,0.242535625036333,0.6433299631818631,6
5,23,-0.242535625036333,0.6433299631818631,6
5,24,0.10846522890932803,0.8379401873942981,6
5,25,0.10846522890932803,0.8379401873942981,6
5,26,,,3
5,27,,,6
5,28,-0.1714985851425088,0.7452741603030384,6
5,29,0.6859943405700352,0.13241892222024948,6
5,30,0.34299717028501747,0.5056805487068866,6
5,31,-0.5423261445466405,0.2662646279663099,6
5,32,0.6859943405700353,0.13241892222024948,6
5,33,-0.242535625036333,0.6433299631818631,6
5,34,-0.242535625036333,0.6433299631818631,6
5,35,0.727606875108999,0.10119150721829538,6
5,36,0.7592566023652962,0.079959646545582,6
5,37,0.242535625036333,0.6433299631818631,6
5,38,-0.242535625036333,0.6433299631818631,6
5,39,-0.1714985851425088,0.7452741603030384,6
5,40,-0.5423261445466405,0.2662646279663099,6
5,41,-0.1714985851425088,0.7452741603030384,6
5,42,0.24253562503633294,0.6433299631818634,6
6,1,,,6
6,2,,,6
6,3,,,6
6,4,,,6
6,5,,,6
6,6,,,6
6,7,,,6
6,8,,,6
6,9,,,6
6,10,,,6
6,11,,,6
6,12,,,6
6,13,,,6
6,14,,,6
6,15,,,6
6,16,,,6
6,17,,,6
6,18,,,6
6,19,,,6
6,20,,,6
6,21,,,6
6,22,,,6
6,23,,,6
6,24,,,6
6,25,,,6
6,26,,,3
6,27,,,6
6,28,,,6
6,29,,,6
6,30,,,6
6,31,,,6
6,32,,,6
6,33,,,6
6,34,,,6
6,35,,,6
6,36,,,6
6,37,,,6
6,38,,,6
6,39,,,6
6,40,,,6
6,41,,,6
6,42,,,6
7,1,-0.6324555320336759,0.17780780835622126,6
7,2,-0.447213595499958,0.373900966300059,6
7,3,-0.31622776601683794,0.5414697392755848,6
7,4,-0.447213595499958,0.373900966300059,6
7,5,-0.6324555320336759,0.17780780835622126,6
7,6,0.19999999999999996,0.7040000000000001,6
7,7,-0.19999999999999996,0.7040000000000001,6
7,8,0.3162277660168379,0.5414697392755848,6
7,9,0.31622776601683794,0.5414697392755848,6
7,10,-0.31622776601683794,0.5414697392755848,6
7,11,-0.447213595499958,0.373900966300059,6
7,12,-0.44721359549995804,0.3739009663000587,6
7,13,,,6
7,14,,,6
7,15,-0.31622776601683794,0.5414697392755848,6
7,16,-0.447213595499958,0.373900966300059,6
7,17,-0.447213595499958,0.373900966300059,6
7,18,-0.19999999999999996,0.7040000000000001,6
7,19,-0.6324555320336759,0.17780780835622126,6
7,20,0.19999999999999996,0.7040000000000001,6
7,21,0.19999999999999996,0.7040000000000001,6
7,22,-0.447213595499958,0.373900966300059,6
7,23,0.447213595499958,0.373900966300059,6
7,24,0.19999999999999996,0.7040000000000001,6
7,25,0.19999999999999996,0.7040000000000001,6
7,26,,,3
7,27,,,6
7,28,0.6324555320336759,0.17780780835622126,6
7,29,0.3162277660168379,0.5414697392755848,6
7,30,-0.3162277660168379,0.5414697392755848,6
7,31,0.1999999999999999,0.7040000000000001,6
7,32,0.31622776601683794,0.5414697392755848,6
7,33,0.447213595499958,0.373900966300059,6
7,34,-0.44721359549995804,0.3739009663000587,6
7,35,0.447213595499958,0.373900966300059,6
7,36,0.19999999999999996,0.7040000000000001,6
7,37,-0.447213595499958,0.373900966300059,6
7,38,0.447213595499958,0.373900966300059,6
7,39,-0.3162277660168379,0.5414697392755848,6
7,40,-0.9999999999999997,2.9582283945787934e-31,6
7,41,0.6324555320336759,0.17780780835622126,6
7,42,0.447213595499958,0.373900966300059,6
8,1,0.0,1.0,6
8,2,0.0,1.0,6
8,3,0.0,1.0,6
8,4,0.5773502691896258,0.23019964108049898,6
8,5,0.6123724356957945,0.19626117814926974,6
8,6,0.0,1.0,6
8,7,0.7745966692414832,0.07048399691022007,6
8,8,0.0,1.0,6
8,9,0.0,1.0,6
8,10,0.0,1.0,6
8,11,0.5773502691896258,0.23019964108049898,6
8,12,0.5773502691896258,0.23019964108049898,6
8,13,,,6
8,14,,,6
8,15,0.0,1.0,6
8,16,0.5773502691896258,0.23019964108049898,6
8,17,0.0,1.0,6
8,18,0.7745966692414832,0.07048399691022007,6
8,19,0.6123724356957945,0.19626117814926974,6
8,20,0.0,1.0,6
8,21,0.0,1.0,6
8,22,0.0,1.0,6
8,23,0.0,1.0,6
8,24,0.0,1.0,6
8,25,0.0,1.0,6
8,26,,,3
8,27,,,6
8,28,0.0,1.0,6
8,29,-0.6123724356957944,0.19626117814926994,6
8,30,0.0,1.0,6
8,31,0.0,1.0,6
8,32,-0.6123724356957945,0.19626117814926974,6
8,33,0.0,1.0,6
8,34,0.5773502691896258,0.23019964108049898,6
8,35,-0.5773502691896258,0.23019964108049898,6
8,36,-0.7745966692414832,0.07048399691022007,6
8,37,0.0,1.0,6
8,38,0.0,1.0,6
8,39,0.0,1.0,6
8,40,0.7745966692414832,0.07048399691022007,6
8,41,0.0,1.0,6
8,42,0.0,1.0,6
9,1,0.0,1.0,6
9,2,0.0,1.0,6
9,3,-0.4330127018922193,0.3910758879640668,6
9,4,-0.8164965809277261,0.04742065558431951,6
9,5,0.0,1.0,6
9,6,0.0,1.0,6
9,7,-0.5477225575051661,0.2605745473680258,6
9,8,-0.43301270189221924,0.3910758879640668,6
9,9,0.4330127018922193,0.3910758879640668,6
9,10,-0.4330127018922193,0.3910758879640668,6
9,11,-0.8164965809277261,0.04742065558431951,6
9,12,0.0,1.0,6
9,13,,,6
9,14,,,6
9,15,0.4330127018922193,0.3910758879640668,6
9,16,-0.8164965809277261,0.04742065558431951,6
9,17,0.0,1.0,6
9,18,-0.5477225575051661,0.2605745473680258,6
9,19,-0.4330127018922193,0.3910758879640668,6
9,20,0.0,1.0,6
9,21,0.0,1.0,6
9,22,0.0,1.0,6
9,23,0.0,1.0,6
9,24,0.0,1.0,6
9,25,0.0,1.0,6
9,26,,,3
9,27,,,6
9,28,0.0,1.0,6
9,29,0.43301270189221924,0.3910758879640668,6
9,30,0.43301270189221924,0.3910758879640668,6
9,31,-0.5477225575051661,0.2605745473680258,6
9,32,0.8660254037844386,0.025721420742506544,6
9,33,0.0,1.0,6
9,34,0.0,1.0,6
9,35,0.8164965809277261,0.04742065558431951,6
9,36,0.5477225575051661,0.2605745473680258,6
9,37,0.0,1.0,6
9,38,0.0,1.0,6
9,39,0.0,1.0,6
9,40,-0.5477225575051661,0.2605745473680258,6
9,41,0.0,1.0,6
9,42,0.4082482904638631,0.4216482551761939,6
10,1,0.0,1.0,6
10,2,-0.3333333333333334,0.5185185185185184,6
10,3,-0.7071067811865476,0.11611652351681563,6
10,4,-0.33333333333333337,0.5185185185185184,6
10,5,0.0,1.0,6
10,6,-0.447213595499958,0.373900966300059,6
10,7,-0.44721359549995804,0.3739009663000587,6
10,8,0.0,1.0,6
10,9,0.0,1.0,6
10,10,0.0,1.0,6
10,11,-0.33333333333333337,0.5185185185185184,6
10,12,0.3333333333333334,0.5185185185185184,6
10,13,,,6
10,14,,,6
10,15,0.7071067811865476,0.11611652351681563,6
10,16,-0.33333333333333337,0.5185185185185184,6
10,17,0.33333333333333337,0.5185185185185184,6
10,18,-0.44721359549995804,0.3739009663000587,6
10,19,-0.7071067811865476,0.11611652351681563,6
10,20,-0.447213595499958,0.373900966300059,6
10,21,0.44721359549995804,0.3739009663000587,6
10,22,-0.3333333333333334,0.5185185185185184,6
10,23,0.3333333333333334,0.5185185185185184,6
10,24,-0.447213595499958,0.373900966300059,6
10,25,0.44721359549995804,0.3739009663000587,6
10,26,,,3
10,27,,,6
10,28,0.0,1.0,6
10,29,0.7071067811865477,0.11611652351681548,6
10,30,0.0,1.0,6
10,31,-0.447213595499958,0.373900966300059,6
10,32,0.7071067811865476,0.11611652351681563,6
10,33,0.3333333333333334,0.5185185185185184,6
10,34,-0.33333333333333337,0.5185185185185184,6
10,35,0.33333333333333337,0.5185185185185184,6
10,36,0.44721359549995804,0.3739009663000587,6
10,37,-0.3333333333333334,0.5185185185185184,6
10,38,0.3333333333333334,0.5185185185185184,6
10,39,2.7755575615628914e-17,1.0,6
10,40,-0.447213595499958,0.373900966300059,6
10,41,0.0,1.0,6
10,42,0.3333333333333334,0.5185185185185184,6
11,1,0.49999999999999983,0.3125000000000003,6
11,2,0.7071067811865475,0.11611652351681563,6
11,3,0.25,0.6328125,6
11,4,-0.7071067811865475,0.11611652351681563,6
11,5,0.4999999999999999,0.3125,6
11,6,0.31622776601683783,0.5414697392755853,6
11,7,-0.3162277660168378,0.5414697392755853,6
11,8,-0.9999999999999997,2.9582283945787934e-31,6
11,9,0.4999999999999999,0.3125,6
11,10,-0.4999999999999999,0.3125,6
11,11,-0.7071067811865475,0.11611652351681563,6
11,12,-2.7755575615628914e-17,1.0,6
11,13,,,6
11,14,,,6
11,15,0.24999999999999997,0.6328125,6
11,16,-0.7071067811865475,0.11611652351681563,6
11,17,-5.551115123125783e-17,1.0,6
11,18,-0.3162277660168378,0.5414697392755853,6
11,19,0.4999999999999999,0.3125,6
11,20,0.31622776601683783,0.5414697392755853,6
11,21,-0.6324555320336758,0.17780780835622148,6
11,22,0.7071067811865475,0.11611652351681563,6
11,23,-0.7071067811865475,0.11611652351681563,6
11,24,0.31622776601683783,0.5414697392755853,6
11,25,-0.6324555320336758,0.17780780835622148,6
11,26,,,3
11,27,,,6
11,28,-0.49999999999999983,0.3125000000000003,6
11,29,-0.2499999999999999,0.6328125,6
11,30,0.9999999999999997,2.9582283945787934e-31,6
11,31,-0.6324555320336758,0.17780780835622148,6
11,32,0.4999999999999999,0.3125,6
11,33,-0.7071067811865475,0.11611652351681563,6
11,34,0.7071067811865475,0.11611652351681563,6
11,35,0.7071067811865475,0.11611652351681563,6
11,36,0.3162277660168378,0.5414697392755853,6
11,37,0.7071067811865475,0.11611652351681563,6
11,38,-0.7071067811865475,0.11611652351681563,6
11,39,0.2499999999999999,0.6328125,6
11,40,0.3162277660168378,0.5414697392755853,6
11,41,-0.49999999999999983,0.3125000000000003,6
11,42,0.0,1.0,6
12,1,0.10660035817780518,0.8407051465865752,6
12,2,0.30151134457776374,0.5614380442505256,6
12,3,-0.10660035817780518,0.8407051465865752,6
12,4,0.0,1.0,6
12,5,0.7462025072446365,0.08844580080910878,6
12,6,0.2696799449852968,0.6052866259760658,6
12,7,0.5393598899705935,0.2694125126761962,6
12,8,-0.533001790889026,0.2762077953268341,6
12,9,0.42640143271122083,0.39916161754327967,6
12,10,-0.42640143271122083,0.39916161754327967,6
12,11,0.0,1.0,6
12,12,0.6030226891555273,0.2051064552040777,6
12,13,,,6
12,14,,,6
12,15,0.21320071635561044,0.6850443962928483,6
12,16,0.0,1.0,6
12,17,5.551115123125783e-17,1.0,6
12,18,0.5393598899705935,0.2694125126761962,6
12,19,0.7462025072446364,0.08844580080910895,6
12,20,0.2696799449852968,0.6052866259760658,6
12,21,-0.1348399724926484,0.7989658591927788,6
12,22,0.30151134457776374,0.5614380442505256,6
12,23,-0.30151134457776374,0.5614380442505256,6
12,24,0.2696799449852968,0.6052866259760658,6
12,25,-0.1348399724926484,0.7989658591927788,6
12,26,,,3
12,27,,,6
12,28,-0.10660035817780518,0.8407051465865752,6
12,29,-0.533001790889026,0.2762077953268341,6
12,30,0.533001790889026,0.2762077953268341,6
12,31,-0.5393598899705935,0.2694125126761962,6
12,32,-0.21320071635561044,0.6850443962928483,6
12,33,-0.30151134457776374,0.5614380442505256,6
12,34,0.904534033733291,0.013235599563682653,6
12,35,0.0,1.0,6
12,36,-0.5393598899705935,0.2694125126761962,6
12,37,0.30151134457776374,0.5614380442505256,6
12,38,-0.30151134457776374,0.5614380442505256,6
12,39,-0.10660035817780515,0.8407051465865752,6
12,40,0.674199862463242,0.14192744777405567,6
12,41,-0.10660035817780518,0.8407051465865752,6
12,42,0.30151134457776363,0.5614380442505256,6
13,1,0.0,1.0,6
13,2,0.0,1.0,6
13,3,-0.6123724356957945,0.19626117814926974,6
13,4,0.0,1.0,6
13,5,0.0,1.0,6
13,6,0.0,1.0,6
13,7,0.0,1.0,6
13,8,0.0,1.0,6
13,9,0.0,1.0,6
13,10,0.0,1.0,6
13,11,0.0,1.0,6
13,12,0.5773502691896258,0.23019964108049898,6
13,13,,,6
13,14,,,6
13,15,0.6123724356957945,0.19626117814926974,6
13,16,0.0,1.0,6
13,17,0.5773502691896258,0.23019964108049898,6
13,18,0.0,1.0,6
13,19,0.0,1.0,6
13,20,0.0,1.0,6
13,21,0.7745966692414832,0.07048399691022007,6
13,22,0.0,1.0,6
13,23,0.0,1.0,6
13,24,0.0,1.0,6
13,25,0.7745966692414832,0.07048399691022007,6
13,26,,,3
13,27,,,6
13,28,0.0,1.0,6
13,29,0.6123724356957944,0.19626117814926994,6
13,30,0.0,1.0,6
13,31,-0.7745966692414832,0.07048399691022007,6
13,32,0.0,1.0,6
13,33,0.0,1.0,6
13,34,0.0,1.0,6
13,35,0.0,1.0,6
13,36,0.0,1.0,6
13,37,0.0,1.0,6
13,38,0.0,1.0,6
13,39,-0.6123724356957944,0.19626117814926994,6
13,40,0.0,1.0,6
13,41,0.0,1.0,6
13,42,0.5773502691896258,0.23019964108049898,6
14,1,-0.35355339059327373,0.49176700102216897,6
14,2,-0.3333333333333334,0.5185185185185184,6
14,3,-0.7071067811865476,0.11611652351681563,6
14,4,-0.3333333333333334,0.5185185185185184,6
14,5,0.7071067811865476,0.11611652351681563,6
14,6,0.0,1.0,6
14,7,0.447213595499958,0.373900966300059,6
14,8,-0.35355339059327373,0.49176700102216897,6
14,9,0.7071067811865476,0.11611652351681563,6
14,10,-0.7071067811865476,0.11611652351681563,6
14,11,-0.3333333333333334,0.5185185185185184,6
14,12,0.6666666666666669,0.14814814814814792,6
14,13,,,6
14,14,,,6
14,15,0.3535533905932738,0.49176700102216897,6
14,16,-0.3333333333333334,0.5185185185185184,6
14,17,-0.3333333333333334,0.5185185185185184,6
14,18,0.447213595499958,0.373900966300059,6
14,19,0.0,1.0,6
14,20,0.0,1.0,6
14,21,0.0,1.0,6
14,22,-0.3333333333333334,0.5185185185185184,6
14,23,0.3333333333333334,0.5185185185185184,6
14,24,0.0,1.0,6
14,25,0.0,1.0,6
14,26,,,3
14,27,,,6
14,28,0.35355339059327373,0.49176700102216897,6
14,29,-0.35355339059327373,0.49176700102216897,6
14,30,0.35355339059327373,0.49176700102216897,6
14,31,-0.447213595499958,0.373900966300059,6
14,32,0.3535533905932738,0.49176700102216897,6
14,33,0.3333333333333334,0.5185185185185184,6
14,34,0.6666666666666669,0.14814814814814792,6
14,35,0.3333333333333334,0.5185185185185184,6
14,36,-0.447213595499958,0.373900966300059,6
14,37,-0.3333333333333334,0.5185185185185184,6
14,38,0.3333333333333334,0.5185185185185184,6
14,39,0.0,1.0,6
14,40,0.0,1.0,6
14,41,0.35355339059327373,0.49176700102216897,6
14,42,0.6666666666666669,0.14814814814814792,6
15,1,0.1714985851425088,0.7452741603030384,6
15,2,-0.24253562503633294,0.6433299631818634,6
15,3,0.34299717028501764,0.5056805487068863,6
15,4,0.7276068751089989,0.10119150721829555,6
15,5,-0.34299717028501764,0.5056805487068863,6
15,6,-0.5423261445466403,0.2662646279663102,6
15,7,-0.10846522890932808,0.837940187394298,6
15,8,0.685994340570035,0.13241892222024965,6
15,9,-0.8574929257125441,0.029015363531383828,6
15,10,0.8574929257125441,0.029015363531383828,6
15,11,0.7276068751089989,0.10119150721829555,6
15,12,-0.24253562503633297,0.6433299631818631,6
15,13,,,6
15,14,,,6
15,15,-0.17149858514250882,0.7452741603030384,6
15,16,0.7276068751089989,0.10119150721829555,6
15,17,0.24253562503633302,0.6433299631818631,6
15,18,-0.10846522890932808,0.837940187394298,6
15,19,-0.3429971702850176,0.5056805487068863,6
15,20,-0.5423261445466403,0.2662646279663102,6
15,21,0.1084652289093281,0.837940187394298,6
15,22,-0.24253562503633294,0.6433299631818634,6
15,23,0.24253562503633294,0.6433299631818634,6
15,24,-0.5423261445466403,0.2662646279663102,6
15,25,0.1084652289093281,0.837940187394298,6
15,26,,,3
15,27,,,6
15,28,-0.1714985851425088,0.7452741603030384,6
15,29,0.1714985851425088,0.7452741603030384,6
15,30,-0.685994340570035,0.13241892222024965,6
15,31,0.7592566023652964,0.07995964654558185,6
15,32,-0.34299717028501764,0.5056805487068863,6
15,33,0.24253562503633294,0.6433299631818634,6
15,34,-0.7276068751089989,0.10119150721829555,6
15,35,-0.7276068751089989,0.10119150721829555,6
15,36,0.10846522890932808,0.837940187394298,6
15,37,-0.24253562503633294,0.6433299631818634,6
15,38,0.24253562503633294,0.6433299631818634,6
15,39,0.3429971702850175,0.5056805487068863,6
15,40,0.10846522890932808,0.837940187394298,6
15,41,-0.1714985851425088,0.7452741603030384,6
15,42,-0.7276068751089989,0.10119150721829555,6
16,1,0.4999999999999999,0.3125,6
16,2,0.0,1.0,6
16,3,0.24999999999999997,0.6328125,6
16,4,0.7071067811865476,0.11611652351681563,6
16,5,-0.24999999999999997,0.6328125,6
16,6,-0.6324555320336758,0.17780780835622148,6
16,7,-0.31622776601683794,0.5414697392755848,6
16,8,0.4999999999999999,0.3125,6
16,9,-1.0,0.0,6
16,10,1.0,0.0,6
16,11,0.7071067811865476,0.11611652351681563,6
16,12,0.0,1.0,6
16,13,,,6
16,14,,,6
16,15,0.24999999999999997,0.6328125,6
16,16,0.7071067811865476,0.11611652351681563,6
16,17,0.7071067811865476,0.11611652351681563,6
16,18,-0.31622776601683794,0.5414697392755848,6
16,19,-0.24999999999999997,0.6328125,6
16,20,-0.6324555320336758,0.17780780835622148,6
16,21,0.3162277660168379,0.5414697392755848,6
16,22,0.0,1.0,6
16,23,0.0,1.0,6
16,24,-0.6324555320336758,0.17780780835622148,6
16,25,0.3162277660168379,0.5414697392755848,6
16,26,,,3
16,27,,,6
16,28,-0.4999999999999999,0.3125,6
16,29,0.4999999999999999,0.3125,6
16,30,-0.4999999999999999,0.3125,6
16,31,0.31622776601683794,0.5414697392755848,6
16,32,-0.24999999999999997,0.6328125,6
16,33,0.0,1.0,6
16,34,-0.7071067811865476,0.11611652351681563,6
16,35,-0.7071067811865476,0.11611652351681563,6
16,36,0.31622776601683794,0.5414697392755848,6
16,37,0.0,1.0,6
16,38,0.0,1.0,6
16,39,0.25,0.6328125,6
16,40,0.31622776601683794,0.5414697392755848,6
16,41,-0.4999999999999999,0.3125,6
16,42,-0.7071067811865477,0.11611652351681548,6
17,1,0.8574929257125439,0.02901536353138391,6
17,2,0.24253562503633297,0.6433299631818631,6
17,3,0.1714985851425088,0.7452741603030384,6
17,4,0.24253562503633302,0.6433299631818631,6
17,5,0.34299717028501764,0.5056805487068863,6
17,6,-0.7592566023652964,0.07995964654558185,6
17,7,-0.5423261445466403,0.2662646279663102,6
17,8,-0.1714985851425088,0.7452741603030384,6
17,9,-0.6859943405700353,0.13241892222024948,6
17,10,0.6859943405700353,0.13241892222024948,6
17,11,0.24253562503633302,0.6433299631818631,6
17,12,0.24253562503633297,0.6433299631818631,6
17,13,,,6
17,14,,,6
17,15,0.6859943405700352,0.13241892222024948,6
17,16,0.24253562503633302,0.6433299631818631,6
17,17,0.7276068751089989,0.10119150721829555,6
17,18,-0.5423261445466403,0.2662646279663102,6
17,19,-0.17149858514250882,0.7452741603030384,6
17,20,-0.7592566023652964,0.07995964654558185,6
17,21,-0.10846522890932811,0.837940187394298,6
17,22,0.24253562503633297,0.6433299631818631,6
17,23,-0.24253562503633297,0.6433299631818631,6
17,24,-0.7592566023652964,0.07995964654558185,6
17,25,-0.10846522890932811,0.837940187394298,6
17,26,,,3
17,27,,,6
17,28,-0.8574929257125439,0.02901536353138391,6
17,29,0.3429971702850175,0.5056805487068863,6
17,30,0.1714985851425088,0.7452741603030384,6
17,31,-0.10846522890932805,0.8379401873942981,6
17,32,0.34299717028501764,0.5056805487068863,6
17,33,-0.24253562503633297,0.6433299631818631,6
17,34,-0.24253562503633302,0.6433299631818631,6
17,35,-0.24253562503633302,0.6433299631818631,6
17,36,0.5423261445466403,0.2662646279663102,6
17,37,0.24253562503633297,0.6433299631818631,6
17,38,-0.24253562503633297,0.6433299631818631,6
17,39,0.6859943405700352,0.13241892222024948,6
17,40,0.5423261445466403,0.2662646279663102,6
17,41,-0.8574929257125439,0.02901536353138391,6
17,42,-0.727606875108999,0.10119150721829538,6
18,1,0.0,1.0,6
18,2,-0.3333333333333334,0.5185185185185184,6
18,3,-0.7071067811865476,0.11611652351681563,6
18,4,-0.33333333333333337,0.5185185185185184,6
18,5,0.0,1.0,6
18,6,-0.447213595499958,0.373900966300059,6
18,7,-0.44721359549995804,0.3739009663000587,6
18,8,0.0,1.0,6
18,9,0.0,1.0,6
18,10,0.0,1.0,6
18,11,-0.33333333333333337,0.5185185185185184,6
18,12,0.3333333333333334,0.5185185185185184,6
18,13,,,6
18,14,,,6
18,15,0.7071067811865476,0.11611652351681563,6
18,16,-0.33333333333333337,0.5185185185185184,6
18,17,0.33333333333333337,0.5185185185185184,6
18,18,-0.44721359549995804,0.3739009663000587,6
18,19,-0.7071067811865476,0.11611652351681563,6
18,20,-0.447213595499958,0.373900966300059,6
18,21,0.44721359549995804,0.3739009663000587,6
18,22,-0.3333333333333334,0.5185185185185184,6
18,23,0.3333333333333334,0.5185185185185184,6
18,24,-0.447213595499958,0.373900966300059,6
18,25,0.44721359549995804,0.3739009663000587,6
18,26,,,3
18,27,,,6
18,28,0.0,1.0,6
18,29,0.7071067811865477,0.11611652351681548,6
18,30,0.0,1.0,6
18,31,-0.447213595499958,0.373900966300059,6
18,32,0.7071067811865476,0.11611652351681563,6
18,33,0.3333333333333334,0.5185185185185184,6
18,34,-0.33333333333333337,0.5185185185185184,6
18,35,0.33333333333333337,0.5185185185185184,6
18,36,0.44721359549995804,0.3739009663000587,6
18,37,-0.3333333333333334,0.5185185185185184,6
18,38,0.3333333333333334,0.5185185185185184,6
18,39,2.7755575615628914e-17,1.0,6
18,40,-0.447213595499958,0.373900966300059,6
18,41,0.0,1.0,6
18,42,0.3333333333333334,0.5185185185185184,6
19,1,0.0,1.0,6
19,2,0.21821789023599242,0.6778688286992494,6
19,3,-0.4629100498862757,0.35523243051554454,6
19,4,-0.6546536707079772,0.1583024233754578,6
19,5,2.7755575615628914e-17,1.0,6
19,6,0.29277002188455986,0.5733922538253556,6
19,7,-0.29277002188455986,0.5733922538253556,6
19,8,-0.4629100498862756,0.3552324305155448,6
19,9,0.4629100498862757,0.35523243051554454,6
19,10,-0.4629100498862757,0.35523243051554454,6
19,11,-0.6546536707079772,0.1583024233754578,6
19,12,0.21821789023599242,0.6778688286992494,6
19,13,,,6
19,14,,,6
19,15,0.4629100498862757,0.35523243051554454,6
19,16,-0.6546536707079772,0.1583024233754578,6
19,17,0.21821789023599242,0.6778688286992494,6
19,18,-0.29277002188455986,0.5733922538253556,6
19,19,1.3877787807814457e-17,1.0,6
19,20,0.29277002188455986,0.5733922538253556,6
19,21,0.2927700218845599,0.5733922538253556,6
19,22,0.21821789023599242,0.6778688286992494,6
19,23,-0.21821789023599242,0.6778688286992494,6
19,24,0.29277002188455986,0.5733922538253556,6
19,25,0.2927700218845599,0.5733922538253556,6
19,26,,,3
19,27,,,6
19,28,0.0,1.0,6
19,29,0.4629100498862756,0.3552324305155448,6
19,30,0.4629100498862756,0.3552324305155448,6
19,31,-0.87831006565368,0.02131164112875669,6
19,32,0.4629100498862757,0.35523243051554454,6
19,33,-0.21821789023599242,0.6778688286992494,6
19,34,0.21821789023599242,0.6778688286992494,6
19,35,0.6546536707079772,0.1583024233754578,6
19,36,0.29277002188455986,0.5733922538253556,6
19,37,0.21821789023599242,0.6778688286992494,6
19,38,-0.21821789023599242,0.6778688286992494,6
19,39,-0.4629100498862756,0.3552324305155448,6
19,40,-0.2927700218845599,0.5733922538253556,6
19,41,0.0,1.0,6
19,42,0.6546536707079772,0.1583024233754578,6
20,1,-0.3162277660168379,0.5414697392755848,6
20,2,-0.44721359549995804,0.3739009663000587,6
20,3,-0.632455532033676,0.17780780835622126,6
20,4,0.44721359549995804,0.3739009663000587,6
20,5,-0.316227766016838,0.5414697392755848,6
20,6,-0.19999999999999998,0.7040000000000001,6
20,7,0.19999999999999996,0.7040000000000001,6
20,8,0.6324555320336759,0.17780780835622126,6
20,9,-0.316227766016838,0.5414697392755848,6
20,10,0.316227766016838,0.5414697392755848,6
20,11,0.44721359549995804,0.3739009663000587,6
20,12,0.44721359549995804,0.3739009663000587,6
20,13,,,6
20,14,,,6
20,15,0.316227766016838,0.5414697392755848,6
20,16,0.44721359549995804,0.3739009663000587,6
20,17,0.44721359549995804,0.3739009663000587,6
20,18,0.19999999999999996,0.7040000000000001,6
20,19,-0.316227766016838,0.5414697392755848,6
20,20,-0.19999999999999998,0.7040000000000001,6
20,21,1.0,0.0,6
20,22,-0.44721359549995804,0.3739009663000587,6
20,23,0.44721359549995804,0.3739009663000587,6
20,24,-0.19999999999999998,0.7040000000000001,6
20,25,1.0,0.0,6
20,26,,,3
20,27,,,6
20,28,0.3162277660168379,0.5414697392755848,6
20,29,0.6324555320336759,0.17780780835622126,6
20,30,-0.6324555320336759,0.17780780835622126,6
20,31,-0.19999999999999996,0.7040000000000001,6
20,32,-0.316227766016838,0.5414697392755848,6
20,33,0.44721359549995804,0.3739009663000587,6
20,34,-0.44721359549995804,0.3739009663000587,6
20,35,-0.44721359549995804,0.3739009663000587,6
20,36,-0.19999999999999996,0.7040000000000001,6
20,37,-0.44721359549995804,0.3739009663000587,6
20,38,0.44721359549995804,0.3739009663000587,6
20,39,-0.6324555320336759,0.17780780835622126,6
20,40,-0.19999999999999996,0.7040000000000001,6
20,41,0.3162277660168379,0.5414697392755848,6
20,42,0.44721359549995804,0.3739009663000587,6
21,1,0.17149858514250882,0.7452741603030384,6
21,2,0.24253562503633302,0.6433299631818631,6
21,3,0.3429971702850177,0.5056805487068863,6
21,4,0.24253562503633302,0.6433299631818631,6
21,5,0.6859943405700354,0.13241892222024948,6
21,6,0.1084652289093281,0.837940187394298,6
21,7,0.5423261445466404,0.2662646279663099,6
21,8,-0.34299717028501764,0.5056805487068863,6
21,9,0.17149858514250885,0.7452741603030384,6
21,10,-0.17149858514250885,0.7452741603030384,6
21,11,0.24253562503633302,0.6433299631818631,6
21,12,0.24253562503633302,0.6433299631818631,6
21,13,,,6
21,14,,,6
21,15,-0.17149858514250887,0.7452741603030384,6
21,16,0.24253562503633302,0.6433299631818631,6
21,17,-0.24253562503633302,0.6433299631818631,6
21,18,0.5423261445466404,0.2662646279663099,6
21,19,0.6859943405700354,0.13241892222024948,6
21,20,0.1084652289093281,0.837940187394298,6
21,21,-0.5423261445466404,0.2662646279663099,6
21,22,0.24253562503633302,0.6433299631818631,6
21,23,-0.24253562503633302,0.6433299631818631,6
21,24,0.1084652289093281,0.837940187394298,6
21,25,-0.5423261445466404,0.2662646279663099,6
21,26,,,3
21,27,,,6
21,28,-0.17149858514250882,0.7452741603030384,6
21,29,-0.8574929257125441,0.029015363531383828,6
21,30,0.34299717028501764,0.5056805487068863,6
21,31,0.1084652289093281,0.837940187394298,6
21,32,-0.3429971702850176,0.5056805487068863,6
21,33,-0.24253562503633302,0.6433299631818631,6
21,34,0.727606875108999,0.10119150721829538,6
21,35,-0.24253562503633302,0.6433299631818631,6
21,36,-0.5423261445466404,0.2662646279663099,6
21,37,0.24253562503633302,0.6433299631818631,6
21,38,-0.24253562503633302,0.6433299631818631,6
21,39,0.34299717028501764,0.5056805487068863,6
21,40,0.7592566023652965,0.07995964654558185,6
21,41,-0.17149858514250882,0.7452741603030384,6
21,42,-0.24253562503633302,0.6433299631818631,6
22,1,-0.9191450300180576,0.009541993515023864,6
22,2,-0.9284766908852593,0.007490433881274527,6
22,3,-0.6565321642986128,0.15669575447850598,6
22,4,0.18569533817705186,0.7246586364960956,6
22,5,-0.13130643285972254,0.8041723027178274,6
22,6,-0.08304547985373996,0.8757181439430237,6
22,7,0.5813183589761798,0.22624521874205025,6
22,8,0.6565321642986126,0.15669575447850614,6
22,9,0.26261286571944514,0.6151363174801235,6
22,10,-0.26261286571944514,0.6151363174801235,6
22,11,0.18569533817705186,0.7246586364960956,6
22,12,0.18569533817705192,0.7246586364960956,6
22,13,,,6
22,14,,,6
22,15,-0.26261286571944514,0.6151363174801235,6
22,16,0.18569533817705186,0.7246586364960956,6
22,17,-0.5570860145311556,0.2508153597684459,6
22,18,0.5813183589761798,0.22624521874205025,6
22,19,-0.5252257314388902,0.28460633131599433,6
22,20,-0.08304547985373996,0.8757181439430237,6
22,21,0.4152273992686998,0.41295436655114864,6
22,22,-0.9284766908852593,0.007490433881274527,6
22,23,0.9284766908852593,0.007490433881274527,6
22,24,-0.08304547985373996,0.8757181439430237,6
22,25,0.4152273992686998,0.41295436655114864,6
22,26,,,3
22,27,,,6
22,28,0.9191450300180576,0.009541993515023864,6
22,29,-0.13130643285972252,0.8041723027178278,6
22,30,-0.6565321642986126,0.15669575447850614,6
22,31,0.41522739926869967,0.41295436655114864,6
22,32,-0.13130643285972254,0.8041723027178274,6
22,33,0.9284766908852593,0.007490433881274527,6
22,34,-0.18569533817705186,0.7246586364960956,6
22,35,-0.18569533817705186,0.7246586364960956,6
22,36,-0.5813183589761798,0.22624521874205025,6
22,37,-0.9284766908852593,0.007490433881274527,6
22,38,0.9284766908852593,0.007490433881274527,6
22,39,-0.26261286571944503,0.6151363174801235,6
22,40,-0.5813183589761798,0.22624521874205025,6
22,41,0.9191450300180576,0.009541993515023864,6
22,42,0.5570860145311556,0.2508153597684459,6
23,1,0.3162277660168379,0.5414697392755848,6
23,2,0.44721359549995804,0.3739009663000587,6
23,3,0.6324555320336759,0.17780780835622126,6
23,4,0.44721359549995804,0.3739009663000587,6
23,5,-0.6324555320336759,0.17780780835622126,6
23,6,0.2,0.7040000000000001,6
23,7,-0.2,0.7040000000000001,6
23,8,0.3162277660168379,0.5414697392755848,6
23,9,-0.6324555320336759,0.17780780835622126,6
23,10,0.6324555320336759,0.17780780835622126,6
23,11,0.44721359549995804,0.3739009663000587,6
23,12,-0.44721359549995804,0.3739009663000587,6
23,13,,,6
23,14,,,6
23,15,-0.31622776601683794,0.5414697392755848,6
23,16,0.44721359549995804,0.3739009663000587,6
23,17,0.44721359549995804,0.3739009663000587,6
23,18,-0.2,0.7040000000000001,6
23,19,0.31622776601683794,0.5414697392755848,6
23,20,0.2,0.7040000000000001,6
23,21,0.2,0.7040000000000001,6
23,22,0.44721359549995804,0.3739009663000587,6
23,23,-0.44721359549995804,0.3739009663000587,6
23,24,0.2,0.7040000000000001,6
23,25,0.2,0.7040000000000001,6
23,26,,,3
23,27,,,6
23,28,-0.3162277660168379,0.5414697392755848,6
23,29,0.3162277660168379,0.5414697392755848,6
23,30,-0.3162277660168379,0.5414697392755848,6
23,31,0.2,0.7040000000000001,6
23,32,-0.6324555320336759,0.17780780835622126,6
23,33,-0.44721359549995804,0.3739009663000587,6
23,34,-0.44721359549995804,0.3739009663000587,6
23,35,-0.44721359549995804,0.3739009663000587,6
23,36,0.2,0.7040000000000001,6
23,37,0.44721359549995804,0.3739009663000587,6
23,38,-0.44721359549995804,0.3739009663000587,6
23,39,-0.3162277660168379,0.5414697392755848,6
23,40,0.2,0.7040000000000001,6
23,41,-0.3162277660168379,0.5414697392755848,6
23,42,-0.44721359549995804,0.3739009663000587,6
24,1,0.0,1.0,6
24,2,-0.3333333333333334,0.5185185185185184,6
24,3,0.0,1.0,6
24,4,0.33333333333333337,0.5185185185185184,6
24,5,0.7071067811865476,0.11611652351681563,6
24,6,-0.447213595499958,0.373900966300059,6
24,7,0.44721359549995804,0.3739009663000587,6
24,8,0.0,1.0,6
24,9,0.0,1.0,6
24,10,0.0,1.0,6
24,11,0.33333333333333337,0.5185185185185184,6
24,12,0.3333333333333334,0.5185185185185184,6
24,13,,,6
24,14,,,6
24,15,1.3877787807814457e-17,1.0,6
24,16,0.33333333333333337,0.5185185185185184,6
24,17,-0.3333333333333334,0.5185185185185184,6
24,18,0.44721359549995804,0.3739009663000587,6
24,19,-1.3877787807814457e-17,1.0,6
24,20,-0.447213595499958,0.373900966300059,6
24,21,-0.447213595499958,0.373900966300059,6
24,22,-0.3333333333333334,0.5185185185185184,6
24,23,0.3333333333333334,0.5185185185185184,6
24,24,-0.447213595499958,0.373900966300059,6
24,25,-0.447213595499958,0.373900966300059,6
24,26,,,3
24,27,,,6
24,28,0.0,1.0,6
24,29,-0.7071067811865475,0.11611652351681563,6
24,30,0.0,1.0,6
24,31,0.44721359549995804,0.3739009663000587,6
24,32,0.0,1.0,6
24,33,0.3333333333333334,0.5185185185185184,6
24,34,0.3333333333333334,0.5185185185185184,6
24,35,-0.33333333333333337,0.5185185185185184,6
24,36,-0.44721359549995804,0.3739009663000587,6
24,37,-0.3333333333333334,0.5185185185185184,6
24,38,0.3333333333333334,0.5185185185185184,6
24,39,0.7071067811865475,0.11611652351681563,6
24,40,0.44721359549995804,0.3739009663000587,6
24,41,0.0,1.0,6
24,42,-0.33333333333333337,0.5185185185185184,6
25,1,-0.8749999999999996,0.022460937500000153,6
25,2,-0.7071067811865475,0.11611652351681563,6
25,3,-0.625,0.1845703125,6
25,4,0.35355339059327373,0.49176700102216897,6
25,5,-0.12499999999999994,0.8134765625,6
25,6,0.15811388300841892,0.7648055990249767,6
25,7,0.7905694150420945,0.06119881963751254,6
25,8,0.6249999999999999,0.1845703125,6
25,9,0.24999999999999997,0.6328125,6
25,10,-0.24999999999999997,0.6328125,6
25,11,0.35355339059327373,0.49176700102216897,6
25,12,0.35355339059327373,0.49176700102216897,6
25,13,,,6
25,14,,,6
25,15,-0.24999999999999994,0.6328125,6
25,16,0.35355339059327373,0.49176700102216897,6
25,17,-0.35355339059327373,0.49176700102216897,6
25,18,0.7905694150420945,0.06119881963751254,6
25,19,-0.12499999999999993,0.8134765625,6
25,20,0.15811388300841892,0.7648055990249767,6
25,21,0.6324555320336759,0.17780780835622126,6
25,22,-0.7071067811865475,0.11611652351681563,6
25,23,0.7071067811865475,0.11611652351681563,6
25,24,0.15811388300841892,0.7648055990249767,6
25,25,0.6324555320336759,0.17780780835622126,6
25,26,,,3
25,27,,,6
25,28,0.8749999999999996,0.022460937500000153,6
25,29,-0.125,0.8134765625,6
25,30,-0.6249999999999999,0.1845703125,6
25,31,0.15811388300841894,0.7648055990249767,6
25,32,-0.4999999999999999,0.3125,6
25,33,0.7071067811865475,0.11611652351681563,6
25,34,0.0,1.0,6
25,35,-0.35355339059327373,0.49176700102216897,6
25,36,-0.7905694150420945,0.06119881963751254,6
25,37,-0.7071067811865475,0.11611652351681563,6
25,38,0.7071067811865475,0.11611652351681563,6
25,39,-0.6249999999999999,0.1845703125,6
25,40,-0.3162277660168379,0.5414697392755848,6
25,41,0.8749999999999996,0.022460937500000153,6
25,42,0.7071067811865476,0.11611652351681563,6
26,1,0.3162277660168379,0.5414697392755848,6
26,2,-0.447213595499958,0.373900966300059,6
26,3,-0.3162277660168379,0.5414697392755848,6
26,4,0.44721359549995804,0.3739009663000587,6
26,5,0.31622776601683794,0.5414697392755848,6
26,6,-0.9999999999999998,7.395570986446985e-32,6
26,7,-0.19999999999999993,0.7040000000000001,6
26,8,0.3162277660168379,0.5414697392755848,6
26,9,-0.6324555320336758,0.17780780835622148,6
26,10,0.6324555320336758,0.17780780835622148,6
26,11,0.44721359549995804,0.3739009663000587,6
26,12,0.447213595499958,0.373900966300059,6
26,13,,,6
26,14,,,6
26,15,0.6324555320336758,0.17780780835622148,6
26,16,0.44721359549995804,0.3739009663000587,6
26,17,0.44721359549995804,0.3739009663000587,6
26,18,-0.19999999999999993,0.7040000000000001,6
26,19,-0.6324555320336758,0.17780780835622148,6
26,20,-0.9999999999999998,7.395570986446985e-32,6
26,21,0.19999999999999993,0.7040000000000001,6
26,22,-0.447213595499958,0.373900966300059,6
26,23,0.447213595499958,0.373900966300059,6
26,24,-0.9999999999999998,7.395570986446985e-32,6
26,25,0.19999999999999993,0.7040000000000001,6
26,26,,,3
26,27,,,6
26,28,-0.3162277660168379,0.5414697392755848,6
26,29,0.3162277660168379,0.5414697392755848,6
26,30,-0.3162277660168379,0.5414697392755848,6
26,31,0.19999999999999996,0.7040000000000001,6
26,32,0.31622776601683794,0.5414697392755848,6
26,33,0.447213595499958,0.373900966300059,6
26,34,-0.44721359549995804,0.3739009663000587,6
26,35,-0.44721359549995804,0.3739009663000587,6
26,36,0.19999999999999993,0.7040000000000001,6
26,37,-0.447213595499958,0.373900966300059,6
26,38,0.447213595499958,0.373900966300059,6
26,39,0.6324555320336758,0.17780780835622148,6
26,40,0.19999999999999996,0.7040000000000001,6
26,41,-0.3162277660168379,0.5414697392755848,6
26,42,-0.44721359549995804,0.3739009663000587,6
27,1,-0.3162277660168379,0.5414697392755848,6
27,2,-0.44721359549995804,0.3739009663000587,6
27,3,-0.632455532033676,0.17780780835622126,6
27,4,0.44721359549995804,0.3739009663000587,6
27,5,-0.316227766016838,0.5414697392755848,6
27,6,-0.19999999999999998,0.7040000000000001,6
27,7,0.19999999999999996,0.7040000000000001,6
27,8,0.6324555320336759,0.17780780835622126,6
27,9,-0.316227766016838,0.5414697392755848,6
27,10,0.316227766016838,0.5414697392755848,6
27,11,0.44721359549995804,0.3739009663000587,6
27,12,0.44721359549995804,0.3739009663000587,6
27,13,,,6
27,14,,,6
27,15,0.316227766016838,0.5414697392755848,6
27,16,0.44721359549995804,0.3739009663000587,6
27,17,0.44721359549995804,0.3739009663000587,6
27,18,0.19999999999999996,0.7040000000000001,6
27,19,-0.316227766016838,0.5414697392755848,6
27,20,-0.19999999999999998,0.7040000000000001,6
27,21,1.0,0.0,6
27,22,-0.44721359549995804,0.3739009663000587,6
27,23,0.44721359549995804,0.3739009663000587,6
27,24,-0.19999999999999998,0.7040000000000001,6
27,25,1.0,0.0,6
27,26,,,3
27,27,,,6
27,28,0.3162277660168379,0.5414697392755848,6
27,29,0.6324555320336759,0.17780780835622126,6
27,30,-0.6324555320336759,0.17780780835622126,6
27,31,-0.19999999999999996,0.7040000000000001,6
27,32,-0.316227766016838,0.5414697392755848,6
27,33,0.44721359549995804,0.3739009663000587,6
27,34,-0.44721359549995804,0.3739009663000587,6
27,35,-0.44721359549995804,0.3739009663000587,6
27,36,-0.19999999999999996,0.7040000000000001,6
27,37,-0.44721359549995804,0.3739009663000587,6
27,38,0.44721359549995804,0.3739009663000587,6
27,39,-0.6324555320336759,0.17780780835622126,6
27,40,-0.19999999999999996,0.7040000000000001,6
27,41,0.3162277660168379,0.5414697392755848,6
27,42,0.44721359549995804,0.3739009663000587,6
28,1,0.49999999999999994,0.3125,6
28,2,-2.7755575615628914e-17,1.0,6
28,3,-0.4999999999999999,0.3125,6
28,4,0.0,1.0,6
28,5,0.4999999999999999,0.3125,6
28,6,-0.6324555320336758,0.17780780835622148,6
28,7,-0.3162277660168378,0.5414697392755853,6
28,8,-0.24999999999999983,0.6328125000000003,6
28,9,-0.24999999999999994,0.6328125,6
28,10,0.24999999999999994,0.6328125,6
28,11,0.0,1.0,6
28,12,0.7071067811865475,0.11611652351681563,6
28,13,,,6
28,14,,,6
28,15,0.9999999999999999,0.0,6
28,16,0.0,1.0,6
28,17,0.7071067811865475,0.11611652351681563,6
28,18,-0.3162277660168378,0.5414697392755853,6
28,19,-0.24999999999999997,0.6328125,6
28,20,-0.6324555320336758,0.17780780835622148,6
28,21,0.3162277660168378,0.5414697392755853,6
28,22,-2.7755575615628914e-17,1.0,6
28,23,2.7755575615628914e-17,1.0,6
28,24,-0.6324555320336758,0.17780780835622148,6
28,25,0.3162277660168378,0.5414697392755853,6
28,26,,,3
28,27,,,6
28,28,-0.49999999999999994,0.3125,6
28,29,0.49999999999999983,0.3125000000000003,6
28,30,0.24999999999999983,0.6328125000000003,6
28,31,-0.6324555320336758,0.17780780835622148,6
28,32,0.4999999999999999,0.3125,6
28,33,2.7755575615628914e-17,1.0,6
28,34,-2.7755575615628914e-17,1.0,6
28,35,0.0,1.0,6
28,36,0.3162277660168378,0.5414697392755853,6
28,37,-2.7755575615628914e-17,1.0,6
28,38,2.7755575615628914e-17,1.0,6
28,39,0.2499999999999999,0.6328125,6
28,40,0.3162277660168378,0.5414697392755853,6
28,41,-0.49999999999999994,0.3125,6
28,42,0.0,1.0,6
29,1,0.6324555320336757,0.17780780835622167,6
29,2,0.44721359549995787,0.373900966300059,6
29,3,0.31622776601683783,0.5414697392755853,6
29,4,0.44721359549995787,0.373900966300059,6
29,5,0.6324555320336757,0.17780780835622167,6
29,6,-0.1999999999999999,0.7040000000000001,6
29,7,0.19999999999999996,0.7040000000000001,6
29,8,-0.31622776601683783,0.5414697392755853,6
29,9,-0.3162277660168379,0.5414697392755848,6
29,10,0.3162277660168379,0.5414697392755848,6
29,11,0.44721359549995787,0.373900966300059,6
29,12,0.44721359549995787,0.373900966300059,6
29,13,,,6
29,14,,,6
29,15,0.316227766016838,0.5414697392755848,6
29,16,0.44721359549995787,0.373900966300059,6
29,17,0.44721359549995787,0.373900966300059,6
29,18,0.19999999999999996,0.7040000000000001,6
29,19,0.6324555320336757,0.17780780835622167,6
29,20,-0.1999999999999999,0.7040000000000001,6
29,21,-0.1999999999999999,0.7040000000000001,6
29,22,0.44721359549995787,0.373900966300059,6
29,23,-0.44721359549995787,0.373900966300059,6
29,24,-0.1999999999999999,0.7040000000000001,6
29,25,-0.1999999999999999,0.7040000000000001,6
29,26,,,3
29,27,,,6
29,28,-0.6324555320336757,0.17780780835622167,6
29,29,-0.31622776601683783,0.5414697392755853,6
29,30,0.31622776601683783,0.5414697392755853,6
29,31,-0.19999999999999996,0.7040000000000001,6
29,32,-0.3162277660168379,0.5414697392755848,6
29,33,-0.44721359549995787,0.373900966300059,6
29,34,0.44721359549995787,0.373900966300059,6
29,35,-0.44721359549995787,0.373900966300059,6
29,36,-0.19999999999999996,0.7040000000000001,6
29,37,0.44721359549995787,0.373900966300059,6
29,38,-0.44721359549995787,0.373900966300059,6
29,39,0.31622776601683783,0.5414697392755853,6
29,40,0.9999999999999999,0.0,6
29,41,-0.6324555320336757,0.17780780835622167,6
29,42,-0.44721359549995787,0.373900966300059,6
30,1,0.0,1.0,6
30,2,0.4082482904638631,0.4216482551761939,6
30,3,0.8660254037844386,0.025721420742506544,6
30,4,0.0,1.0,6
30,5,-0.4330127018922193,0.3910758879640668,6
30,6,0.5477225575051661,0.2605745473680258,6
30,7,0.0,1.0,6
30,8,0.0,1.0,6
30,9,0.0,1.0,6
30,10,0.0,1.0,6
30,11,0.0,1.0,6
30,12,-0.8164965809277261,0.04742065558431951,6
30,13,,,6
30,14,,,6
30,15,-0.8660254037844387,0.02572142074250646,6
30,16,0.0,1.0,6
30,17,-0.408248290463863,0.4216482551761939,6
30,18,0.0,1.0,6
30,19,0.4330127018922193,0.3910758879640668,6
30,20,0.5477225575051661,0.2605745473680258,6
30,21,-0.5477225575051661,0.2605745473680258,6
30,22,0.4082482904638631,0.4216482551761939,6
30,23,-0.4082482904638631,0.4216482551761939,6
30,24,0.5477225575051661,0.2605745473680258,6
30,25,-0.5477225575051661,0.2605745473680258,6
30,26,,,3
30,27,,,6
30,28,0.0,1.0,6
30,29,-0.43301270189221924,0.3910758879640668,6
30,30,0.0,1.0,6
30,31,0.5477225575051661,0.2605745473680258,6
30,32,-0.4330127018922193,0.3910758879640668,6
30,33,-0.4082482904638631,0.4216482551761939,6
30,34,0.0,1.0,6
30,35,0.0,1.0,6
30,36,0.0,1.0,6
30,37,0.4082482904638631,0.4216482551761939,6
30,38,-0.4082482904638631,0.4216482551761939,6
30,39,0.0,1.0,6
30,40,0.0,1.0,6
30,41,0.0,1.0,6
30,42,-0.4082482904638631,0.4216482551761939,6
31,1,-0.24999999999999994,0.6328125,6
31,2,0.0,1.0,6
31,3,-0.4999999999999999,0.3125,6
31,4,-0.7071067811865475,0.11611652351681563,6
31,5,-0.24999999999999997,0.6328125,6
31,6,0.3162277660168379,0.5414697392755848,6
31,7,-0.3162277660168379,0.5414697392755848,6
31,8,-0.24999999999999994,0.6328125,6
31,9,0.4999999999999999,0.3125,6
31,10,-0.4999999999999999,0.3125,6
31,11,-0.7071067811865475,0.11611652351681563,6
31,12,0.0,1.0,6
31,13,,,6
31,14,,,6
31,15,0.25,0.6328125,6
31,16,-0.7071067811865475,0.11611652351681563,6
31,17,0.0,1.0,6
31,18,-0.3162277660168379,0.5414697392755848,6
31,19,-0.25,0.6328125,6
31,20,0.3162277660168379,0.5414697392755848,6
31,21,0.3162277660168379,0.5414697392755848,6
31,22,0.0,1.0,6
31,23,0.0,1.0,6
31,24,0.3162277660168379,0.5414697392755848,6
31,25,0.3162277660168379,0.5414697392755848,6
31,26,,,3
31,27,,,6
31,28,0.24999999999999994,0.6328125,6
31,29,0.4999999999999998,0.3125000000000003,6
31,30,0.24999999999999994,0.6328125,6
31,31,-0.6324555320336759,0.17780780835622126,6
31,32,0.4999999999999999,0.3125,6
31,33,0.0,1.0,6
31,34,0.0,1.0,6
31,35,0.7071067811865475,0.11611652351681563,6
31,36,0.3162277660168379,0.5414697392755848,6
31,37,0.0,1.0,6
31,38,0.0,1.0,6
31,39,-0.4999999999999998,0.3125000000000003,6
31,40,-0.6324555320336759,0.17780780835622126,6
31,41,0.24999999999999994,0.6328125,6
31,42,0.7071067811865475,0.11611652351681563,6
32,1,-0.316227766016838,0.5414697392755848,6
32,2,-0.4472135954999582,0.3739009663000584,6
32,3,0.31622776601683805,0.5414697392755848,6
32,4,0.4472135954999582,0.3739009663000584,6
32,5,-0.31622776601683805,0.5414697392755848,6
32,6,-0.20000000000000007,0.7039999999999997,6
32,7,0.20000000000000007,0.7039999999999997,6
32,8,0.6324555320336759,0.17780780835622126,6
32,9,-0.316227766016838,0.5414697392755848,6
32,10,0.316227766016838,0.5414697392755848,6
32,11,0.4472135954999582,0.3739009663000584,6
32,12,-0.4472135954999582,0.3739009663000584,6
32,13,,,6
32,14,,,6
32,15,-0.632455532033676,0.17780780835622126,6
32,16,0.4472135954999582,0.3739009663000584,6
32,17,-0.4472135954999582,0.3739009663000584,6
32,18,0.20000000000000007,0.7039999999999997,6
32,19,-0.3162277660168381,0.5414697392755848,6
32,20,-0.20000000000000007,0.7039999999999997,6
32,21,-0.20000000000000007,0.7039999999999997,6
32,22,-0.4472135954999582,0.3739009663000584,6
32,23,0.4472135954999582,0.3739009663000584,6
32,24,-0.20000000000000007,0.7039999999999997,6
32,25,-0.20000000000000007,0.7039999999999997,6
32,26,,,3
32,27,,,6
32,28,0.316227766016838,0.5414697392755848,6
32,29,-0.316227766016838,0.5414697392755848,6
32,30,-0.6324555320336759,0.17780780835622126,6
32,31,1.0,0.0,6
32,32,-0.31622776601683805,0.5414697392755848,6
32,33,0.4472135954999582,0.3739009663000584,6
32,34,-0.4472135954999582,0.3739009663000584,6
32,35,-0.4472135954999582,0.3739009663000584,6
32,36,-0.20000000000000007,0.7039999999999997,6
32,37,-0.4472135954999582,0.3739009663000584,6
32,38,0.4472135954999582,0.3739009663000584,6
32,39,0.316227766016838,0.5414697392755848,6
32,40,-0.20000000000000007,0.7039999999999997,6
32,41,0.316227766016838,0.5414697392755848,6
32,42,-0.4472135954999582,0.3739009663000584,6
33,1,0.2499999999999999,0.6328125,6
33,2,2.7755575615628914e-17,1.0,6
33,3,0.4999999999999999,0.3125,6
33,4,0.0,1.0,6
33,5,-0.4999999999999998,0.3125000000000003,6
33,6,-0.3162277660168378,0.5414697392755853,6
33,7,-0.6324555320336758,0.17780780835622148,6
33,8,0.2499999999999999,0.6328125,6
33,9,-0.4999999999999999,0.3125,6
33,10,0.4999999999999999,0.3125,6
33,11,0.0,1.0,6
33,12,-0.7071067811865475,0.11611652351681563,6
33,13,,,6
33,14,,,6
33,15,-0.24999999999999992,0.6328125,6
33,16,0.0,1.0,6
33,17,2.7755575615628914e-17,1.0,6
33,18,-0.6324555320336758,0.17780780835622148,6
33,19,-0.4999999999999998,0.3125000000000003,6
33,20,-0.3162277660168378,0.5414697392755853,6
33,21,-0.3162277660168378,0.5414697392755853,6
33,22,2.7755575615628914e-17,1.0,6
33,23,-2.7755575615628914e-17,1.0,6
33,24,-0.3162277660168378,0.5414697392755853,6
33,25,-0.3162277660168378,0.5414697392755853,6
33,26,,,3
33,27,,,6
33,28,-0.2499999999999999,0.6328125,6
33,29,0.2499999999999999,0.6328125,6
33,30,-0.2499999999999999,0.6328125,6
33,31,0.6324555320336758,0.17780780835622148,6
33,32,0.25,0.6328125,6
33,33,-2.7755575615628914e-17,1.0,6
33,34,-0.7071067811865475,0.11611652351681563,6
33,35,0.0,1.0,6
33,36,0.6324555320336758,0.17780780835622148,6
33,37,2.7755575615628914e-17,1.0,6
33,38,-2.7755575615628914e-17,1.0,6
33,39,0.49999999999999983,0.3125000000000003,6
33,40,-0.3162277660168378,0.5414697392755853,6
33,41,-0.2499999999999999,0.6328125,6
33,42,-0.7071067811865475,0.11611652351681563,6
34,1,-0.6123724356957944,0.19626117814926994,6
34,2,-0.5773502691896258,0.23019964108049898,6
34,3,-0.6123724356957945,0.19626117814926974,6
34,4,0.0,1.0,6
34,5,0.6123724356957945,0.19626117814926974,6
34,6,0.0,1.0,6
34,7,0.7745966692414832,0.07048399691022007,6
34,8,0.0,1.0,6
34,9,0.6123724356957945,0.19626117814926974,6
34,10,-0.6123724356957945,0.19626117814926974,6
34,11,0.0,1.0,6
34,12,0.5773502691896258,0.23019964108049898,6
34,13,,,6
34,14,,,6
34,15,0.0,1.0,6
34,16,0.0,1.0,6
34,17,-0.5773502691896258,0.23019964108049898,6
34,18,0.7745966692414832,0.07048399691022007,6
34,19,0.0,1.0,6
34,20,0.0,1.0,6
34,21,0.0,1.0,6
34,22,-0.5773502691896258,0.23019964108049898,6
34,23,0.5773502691896258,0.23019964108049898,6
34,24,0.0,1.0,6
34,25,0.0,1.0,6
34,26,,,3
34,27,,,6
34,28,0.6123724356957944,0.19626117814926994,6
34,29,-0.6123724356957944,0.19626117814926994,6
34,30,0.0,1.0,6
34,31,0.0,1.0,6
34,32,0.0,1.0,6
34,33,0.5773502691896258,0.23019964108049898,6
34,34,0.5773502691896258,0.23019964108049898,6
34,35,0.0,1.0,6
34,36,-0.7745966692414832,0.07048399691022007,6
34,37,-0.5773502691896258,0.23019964108049898,6
34,38,0.5773502691896258,0.23019964108049898,6
34,39,0.0,1.0,6
34,40,0.0,1.0,6
34,41,0.6123724356957944,0.19626117814926994,6
34,42,0.5773502691896258,0.23019964108049898,6
35,1,0.5252257314388902,0.28460633131599433,6
35,2,0.9284766908852596,0.00749043388127448,6
35,3,0.6565321642986129,0.15669575447850598,6
35,4,-0.1856953381770519,0.7246586364960956,6
35,5,0.13130643285972257,0.8041723027178274,6
35,6,0.5813183589761798,0.22624521874205025,6
35,7,-0.08304547985373997,0.8757181439430237,6
35,8,-0.6565321642986128,0.15669575447850598,6
35,9,0.13130643285972257,0.8041723027178274,6
35,10,-0.13130643285972257,0.8041723027178274,6
35,11,-0.1856953381770519,0.7246586364960956,6
35,12,-0.18569533817705194,0.7246586364960956,6
35,13,,,6
35,14,,,6
35,15,-0.13130643285972254,0.8041723027178274,6
35,16,-0.1856953381770519,0.7246586364960956,6
35,17,0.18569533817705194,0.7246586364960956,6
35,18,-0.08304547985373997,0.8757181439430237,6
35,19,0.919145030018058,0.009541993515023762,6
35,20,0.5813183589761798,0.22624521874205025,6
35,21,-0.41522739926869984,0.4129543665511485,6
35,22,0.9284766908852596,0.00749043388127448,6
35,23,-0.9284766908852596,0.00749043388127448,6
35,24,0.5813183589761798,0.22624521874205025,6
35,25,-0.41522739926869984,0.4129543665511485,6
35,26,,,3
35,27,,,6
35,28,-0.5252257314388902,0.28460633131599433,6
35,29,-0.2626128657194451,0.6151363174801235,6
35,30,0.6565321642986128,0.15669575447850598,6
35,31,-0.41522739926869984,0.4129543665511485,6
35,32,-0.26261286571944514,0.6151363174801235,6
35,33,-0.9284766908852596,0.00749043388127448,6
35,34,0.5570860145311557,0.2508153597684457,6
35,35,0.1856953381770519,0.7246586364960956,6
35,36,0.08304547985373997,0.8757181439430237,6
35,37,0.9284766908852596,0.00749043388127448,6
35,38,-0.9284766908852596,0.00749043388127448,6
35,39,-0.1313064328597226,0.8041723027178274,6
35,40,0.5813183589761798,0.22624521874205025,6
35,41,-0.5252257314388902,0.28460633131599433,6
35,42,-0.18569533817705192,0.7246586364960956,6
36,1,0.2499999999999999,0.6328125,6
36,2,0.0,1.0,6
36,3,0.4999999999999999,0.3125,6
36,4,0.7071067811865475,0.11611652351681563,6
36,5,0.25,0.6328125,6
36,6,-0.3162277660168378,0.5414697392755853,6
36,7,0.3162277660168378,0.5414697392755853,6
36,8,0.2499999999999999,0.6328125,6
36,9,-0.4999999999999999,0.3125,6
36,10,0.4999999999999999,0.3125,6
36,11,0.7071067811865475,0.11611652351681563,6
36,12,0.0,1.0,6
36,13,,,6
36,14,,,6
36,15,-0.24999999999999997,0.6328125,6
36,16,0.7071067811865475,0.11611652351681563,6
36,17,0.0,1.0,6
36,18,0.3162277660168378,0.5414697392755853,6
36,19,0.24999999999999997,0.6328125,6
36,20,-0.3162277660168378,0.5414697392755853,6
36,21,-0.3162277660168378,0.5414697392755853,6
36,22,0.0,1.0,6
36,23,0.0,1.0,6
36,24,-0.3162277660168378,0.5414697392755853,6
36,25,-0.3162277660168378,0.5414697392755853,6
36,26,,,3
36,27,,,6
36,28,-0.2499999999999999,0.6328125,6
36,29,-0.49999999999999983,0.3125000000000003,6
36,30,-0.2499999999999999,0.6328125,6
36,31,0.6324555320336758,0.17780780835622148,6
36,32,-0.4999999999999999,0.3125,6
36,33,0.0,1.0,6
36,34,0.0,1.0,6
36,35,-0.7071067811865475,0.11611652351681563,6
36,36,-0.3162277660168378,0.5414697392755853,6
36,37,0.0,1.0,6
36,38,0.0,1.0,6
36,39,0.49999999999999983,0.3125000000000003,6
36,40,0.6324555320336758,0.17780780835622148,6
36,41,-0.2499999999999999,0.6328125,6
36,42,-0.7071067811865475,0.11611652351681563,6
37,1,-2.7755575615628914e-17,1.0,6
37,2,-0.3333333333333334,0.5185185185185184,6
37,3,-0.7071067811865476,0.11611652351681563,6
37,4,0.33333333333333337,0.5185185185185184,6
37,5,0.7071067811865476,0.11611652351681563,6
37,6,-0.447213595499958,0.373900966300059,6
37,7,0.447213595499958,0.373900966300059,6
37,8,2.7755575615628914e-17,1.0,6
37,9,0.0,1.0,6
37,10,0.0,1.0,6
37,11,0.33333333333333337,0.5185185185185184,6
37,12,1.0,0.0,6
37,13,,,6
37,14,,,6
37,15,0.7071067811865476,0.11611652351681563,6
37,16,0.33333333333333337,0.5185185185185184,6
37,17,0.33333333333333337,0.5185185185185184,6
37,18,0.447213595499958,0.373900966300059,6
37,19,-1.3877787807814457e-17,1.0,6
37,20,-0.447213595499958,0.373900966300059,6
37,21,0.44721359549995804,0.3739009663000587,6
37,22,-0.3333333333333334,0.5185185185185184,6
37,23,0.3333333333333334,0.5185185185185184,6
37,24,-0.447213595499958,0.373900966300059,6
37,25,0.44721359549995804,0.3739009663000587,6
37,26,,,3
37,27,,,6
37,28,2.7755575615628914e-17,1.0,6
37,29,0.0,1.0,6
37,30,-2.7755575615628914e-17,1.0,6
37,31,-0.447213595499958,0.373900966300059,6
37,32,0.0,1.0,6
37,33,0.3333333333333334,0.5185185185185184,6
37,34,0.33333333333333337,0.5185185185185184,6
37,35,-0.33333333333333337,0.5185185185185184,6
37,36,-0.447213595499958,0.373900966300059,6
37,37,-0.3333333333333334,0.5185185185185184,6
37,38,0.3333333333333334,0.5185185185185184,6
37,39,2.7755575615628914e-17,1.0,6
37,40,0.44721359549995804,0.3739009663000587,6
37,41,2.7755575615628914e-17,1.0,6
37,42,0.3333333333333334,0.5185185185185184,6
38,1,0.0,1.0,6
38,2,-0.2886751345948129,0.579015428715898,6
38,3,-0.30618621784789724,0.5550731521897742,6
38,4,0.0,1.0,6
38,5,0.9185586535436917,0.009678951648207338,6
38,6,-0.3872983346207416,0.4480998731654432,6
38,7,0.3872983346207416,0.4480998731654432,6
38,8,-0.3061862178478972,0.5550731521897744,6
38,9,0.30618621784789724,0.5550731521897742,6
38,10,-0.30618621784789724,0.5550731521897742,6
38,11,0.0,1.0,6
38,12,0.5773502691896258,0.23019964108049898,6
38,13,,,6
38,14,,,6
38,15,0.30618621784789724,0.5550731521897742,6
38,16,0.0,1.0,6
38,17,-0.2886751345948129,0.579015428715898,6
38,18,0.3872983346207416,0.4480998731654432,6
38,19,2.7755575615628914e-17,1.0,6
38,20,-0.3872983346207416,0.4480998731654432,6
38,21,-0.3872983346207416,0.4480998731654432,6
38,22,-0.2886751345948129,0.579015428715898,6
38,23,0.2886751345948129,0.579015428715898,6
38,24,-0.3872983346207416,0.4480998731654432,6
38,25,-0.3872983346207416,0.4480998731654432,6
38,26,,,3
38,27,,,6
38,28,0.0,1.0,6
38,29,-0.6123724356957945,0.19626117814926974,6
38,30,0.3061862178478972,0.5550731521897744,6
38,31,0.0,1.0,6
38,32,0.30618621784789724,0.5550731521897742,6
38,33,0.2886751345948129,0.579015428715898,6
38,34,0.577350269189626,0.23019964108049878,6
38,35,0.0,1.0,6
38,36,-0.3872983346207416,0.4480998731654432,6
38,37,-0.2886751345948129,0.579015428715898,6
38,38,0.2886751345948129,0.579015428715898,6
38,39,0.6123724356957944,0.19626117814926994,6
38,40,0.3872983346207416,0.4480998731654432,6
38,41,0.0,1.0,6
38,42,0.0,1.0,6
39,1,-0.23570226039551584,0.6529938944177127,6
39,2,0.11111111111111113,0.8340192043895748,6
39,3,-0.47140452079103173,0.3452714989013448,6
39,4,-0.777777777777778,0.06858710562414244,6
39,5,0.0,1.0,6
39,6,0.44721359549995804,0.3739009663000587,6
39,7,-0.14907119849998596,0.778049548900021,6
39,8,-0.4714045207910317,0.3452714989013448,6
39,9,0.7071067811865477,0.11611652351681548,6
39,10,-0.7071067811865477,0.11611652351681548,6
39,11,-0.777777777777778,0.06858710562414244,6
39,12,0.11111111111111113,0.8340192043895748,6
39,13,,,6
39,14,,,6
39,15,0.2357022603955159,0.6529938944177127,6
39,16,-0.777777777777778,0.06858710562414244,6
39,17,-0.11111111111111116,0.8340192043895748,6
39,18,-0.14907119849998596,0.778049548900021,6
39,19,1.3877787807814457e-17,1.0,6
39,20,0.44721359549995804,0.3739009663000587,6
39,21,0.14907119849998596,0.778049548900021,6
39,22,0.11111111111111113,0.8340192043895748,6
39,23,-0.11111111111111113,0.8340192043895748,6
39,24,0.44721359549995804,0.3739009663000587,6
39,25,0.14907119849998596,0.778049548900021,6
39,26,,,3
39,27,,,6
39,28,0.23570226039551584,0.6529938944177127,6
39,29,0.23570226039551578,0.6529938944177129,6
39,30,0.4714045207910317,0.3452714989013448,6
39,31,-0.7453559924999298,0.08900934250008574,6
39,32,0.4714045207910318,0.3452714989013448,6
39,33,-0.11111111111111113,0.8340192043895748,6
39,34,0.3333333333333334,0.5185185185185184,6
39,35,0.777777777777778,0.06858710562414244,6
39,36,0.14907119849998596,0.778049548900021,6
39,37,0.11111111111111113,0.8340192043895748,6
39,38,-0.11111111111111113,0.8340192043895748,6
39,39,-0.4714045207910316,0.345271498901345,6
39,40,-0.447213595499958,0.373900966300059,6
39,41,0.23570226039551584,0.6529938944177127,6
39,42,0.777777777777778,0.06858710562414244,6
40,1,-0.13130643285972257,0.8041723027178274,6
40,2,0.18569533817705192,0.7246586364960956,6
40,3,0.5252257314388903,0.28460633131599433,6
40,4,0.5570860145311557,0.2508153597684457,6
40,5,-0.13130643285972254,0.8041723027178274,6
40,6,0.41522739926869984,0.4129543665511485,6
40,7,0.5813183589761798,0.22624521874205025,6
40,8,0.26261286571944514,0.6151363174801235,6
40,9,-0.13130643285972257,0.8041723027178274,6
40,10,0.13130643285972257,0.8041723027178274,6
40,11,0.5570860145311557,0.2508153597684457,6
40,12,-0.18569533817705192,0.7246586364960956,6
40,13,,,6
40,14,,,6
40,15,-0.6565321642986129,0.15669575447850598,6
40,16,0.5570860145311557,0.2508153597684457,6
40,17,-0.18569533817705194,0.7246586364960956,6
40,18,0.5813183589761798,0.22624521874205025,6
40,19,0.6565321642986129,0.15669575447850598,6
40,20,0.41522739926869984,0.4129543665511485,6
40,21,-0.08304547985373999,0.8757181439430237,6
40,22,0.18569533817705192,0.7246586364960956,6
40,23,-0.18569533817705192,0.7246586364960956,6
40,24,0.41522739926869984,0.4129543665511485,6
40,25,-0.08304547985373999,0.8757181439430237,6
40,26,,,3
40,27,,,6
40,28,0.13130643285972257,0.8041723027178274,6
40,29,-0.5252257314388902,0.28460633131599433,6
40,30,-0.26261286571944514,0.6151363174801235,6
40,31,0.41522739926869984,0.4129543665511485,6
40,32,-0.919145030018058,0.009541993515023762,6
40,33,-0.18569533817705192,0.7246586364960956,6
40,34,0.18569533817705194,0.7246586364960956,6
40,35,-0.5570860145311557,0.2508153597684457,6
40,36,-0.5813183589761798,0.22624521874205025,6
40,37,0.18569533817705192,0.7246586364960956,6
40,38,-0.18569533817705192,0.7246586364960956,6
40,39,-0.2626128657194451,0.6151363174801235,6
40,40,0.41522739926869984,0.4129543665511485,6
40,41,0.13130643285972257,0.8041723027178274,6
40,42,-0.18569533817705192,0.7246586364960956,6
41,1,-0.25,0.6328125,6
41,2,-2.7755575615628914e-17,1.0,6
41,3,0.25000000000000006,0.6328125,6
41,4,0.0,1.0,6
41,5,-1.0,0.0,6
41,6,0.3162277660168379,0.5414697392755848,6
41,7,-0.3162277660168379,0.5414697392755848,6
41,8,0.4999999999999999,0.3125,6
41,9,-0.25000000000000006,0.6328125,6
41,10,0.25000000000000006,0.6328125,6
41,11,0.0,1.0,6
41,12,-0.7071067811865477,0.11611652351681548,6
41,13,,,6
41,14,,,6
41,15,-0.5,0.3125,6
41,16,0.0,1.0,6
41,17,-2.7755575615628914e-17,1.0,6
41,18,-0.3162277660168379,0.5414697392755848,6
41,19,-0.25,0.6328125,6
41,20,0.3162277660168379,0.5414697392755848,6
41,21,0.3162277660168379,0.5414697392755848,6
41,22,-2.7755575615628914e-17,1.0,6
41,23,2.7755575615628914e-17,1.0,6
41,24,0.3162277660168379,0.5414697392755848,6
41,25,0.3162277660168379,0.5414697392755848,6
41,26,,,3
41,27,,,6
41,28,0.25,0.6328125,6
41,29,0.4999999999999999,0.3125,6
41,30,-0.4999999999999999,0.3125,6
41,31,0.3162277660168379,0.5414697392755848,6
41,32,-0.25,0.6328125,6
41,33,2.7755575615628914e-17,1.0,6
41,34,-0.7071067811865477,0.11611652351681548,6
41,35,0.0,1.0,6
41,36,0.3162277660168379,0.5414697392755848,6
41,37,-2.7755575615628914e-17,1.0,6
41,38,2.7755575615628914e-17,1.0,6
41,39,-0.49999999999999994,0.3125,6
41,40,-0.632455532033676,0.17780780835622126,6
41,41,0.25,0.6328125,6
41,42,0.0,1.0,6
42,1,0.0,1.0,6
42,2,-0.5773502691896258,0.23019964108049898,6
42,3,0.0,1.0,6
42,4,0.5773502691896258,0.23019964108049898,6
42,5,0.0,1.0,6
42,6,-0.7745966692414832,0.07048399691022007,6
42,7,0.0,1.0,6
42,8,0.6123724356957944,0.19626117814926994,6
42,9,-0.6123724356957945,0.19626117814926974,6
42,10,0.6123724356957945,0.19626117814926974,6
42,11,0.5773502691896258,0.23019964108049898,6
42,12,0.0,1.0,6
42,13,,,6
42,14,,,6
42,15,0.0,1.0,6
42,16,0.5773502691896258,0.23019964108049898,6
42,17,0.0,1.0,6
42,18,0.0,1.0,6
42,19,-0.6123724356957945,0.19626117814926974,6
42,20,-0.7745966692414832,0.07048399691022007,6
42,21,0.0,1.0,6
42,22,-0.5773502691896258,0.23019964108049898,6
42,23,0.5773502691896258,0.23019964108049898,6
42,24,-0.7745966692414832,0.07048399691022007,6
42,25,0.0,1.0,6
42,26,,,3
42,27,,,6
42,28,0.0,1.0,6
42,29,0.0,1.0,6
42,30,-0.6123724356957944,0.19626117814926994,6
42,31,0.7745966692414832,0.07048399691022007,6
42,32,0.0,1.0,6
42,33,0.5773502691896258,0.23019964108049898,6
42,34,-0.5773502691896258,0.23019964108049898,6
42,35,-0.5773502691896258,0.23019964108049898,6
42,36,0.0,1.0,6
42,37,-0.5773502691896258,0.23019964108049898,6
42,38,0.5773502691896258,0.23019964108049898,6
42,39,0.6123724356957944,0.19626117814926994,6
42,40,0.0,1.0,6
42,41,0.0,1.0,6
42,42,-0.5773502691896258,0.23019964108049898,6
43,1,0.0,1.0,6
43,2,0.3333333333333334,0.5185185185185184,6
43,3,0.0,1.0,6
43,4,-0.33333333333333337,0.5185185185185184,6
43,5,-0.7071067811865476,0.11611652351681563,6
43,6,0.447213595499958,0.373900966300059,6
43,7,-0.44721359549995804,0.3739009663000587,6
43,8,0.0,1.0,6
43,9,0.0,1.0,6
43,10,0.0,1.0,6
43,11,-0.33333333333333337,0.5185185185185184,6
43,12,-0.3333333333333334,0.5185185185185184,6
43,13,,,6
43,14,,,6
43,15,-1.3877787807814457e-17,1.0,6
43,16,-0.33333333333333337,0.5185185185185184,6
43,17,0.3333333333333334,0.5185185185185184,6
43,18,-0.44721359549995804,0.3739009663000587,6
43,19,1.3877787807814457e-17,1.0,6
43,20,0.447213595499958,0.373900966300059,6
43,21,0.447213595499958,0.373900966300059,6
43,22,0.3333333333333334,0.5185185185185184,6
43,23,-0.3333333333333334,0.5185185185185184,6
43,24,0.447213595499958,0.373900966300059,6
43,25,0.447213595499958,0.373900966300059,6
43,26,,,3
43,27,,,6
43,28,0.0,1.0,6
43,29,0.7071067811865475,0.11611652351681563,6
43,30,0.0,1.0,6
43,31,-0.44721359549995804,0.3739009663000587,6
43,32,0.0,1.0,6
43,33,-0.3333333333333334,0.5185185185185184,6
43,34,-0.3333333333333334,0.5185185185185184,6
43,35,0.33333333333333337,0.5185185185185184,6
43,36,0.44721359549995804,0.3739009663000587,6
43,37,0.3333333333333334,0.5185185185185184,6
43,38,-0.3333333333333334,0.5185185185185184,6
43,39,-0.7071067811865475,0.11611652351681563,6
43,40,-0.44721359549995804,0.3739009663000587,6
43,41,0.0,1.0,6
43,42,0.33333333333333337,0.5185185185185184,6
44,1,-0.6324555320336758,0.17780780835622148,6
44,2,-0.447213595499958,0.373900966300059,6
44,3,-0.7905694150420948,0.061198819637512426,6
44,4,-0.447213595499958,0.373900966300059,6
44,5,0.3162277660168379,0.5414697392755848,6
44,6,0.2,0.7040000000000001,6
44,7,0.39999999999999997,0.43200000000000005,6
44,8,-0.15811388300841894,0.7648055990249767,6
44,9,0.7905694150420948,0.061198819637512426,6
44,10,-0.7905694150420948,0.061198819637512426,6
44,11,-0.447213595499958,0.373900966300059,6
44,12,0.447213595499958,0.373900966300059,6
44,13,,,6
44,14,,,6
44,15,0.15811388300841897,0.7648055990249767,6
44,16,-0.447213595499958,0.373900966300059,6
44,17,-0.447213595499958,0.373900966300059,6
44,18,0.39999999999999997,0.43200000000000005,6
44,19,-0.15811388300841897,0.7648055990249767,6
44,20,0.2,0.7040000000000001,6
44,21,0.2,0.7040000000000001,6
44,22,-0.447213595499958,0.373900966300059,6
44,23,0.447213595499958,0.373900966300059,6
44,24,0.2,0.7040000000000001,6
44,25,0.2,0.7040000000000001,6
44,26,,,3
44,27,,,6
44,28,0.6324555320336758,0.17780780835622148,6
44,29,-0.15811388300841894,0.7648055990249767,6
44,30,0.15811388300841894,0.7648055990249767,6
44,31,-0.4,0.43200000000000005,6
44,32,0.3162277660168379,0.5414697392755848,6
44,33,0.447213595499958,0.373900966300059,6
44,34,0.447213595499958,0.373900966300059,6
44,35,0.447213595499958,0.373900966300059,6
44,36,-0.39999999999999997,0.43200000000000005,6
44,37,-0.447213595499958,0.373900966300059,6
44,38,0.447213595499958,0.373900966300059,6
44,39,-0.3162277660168379,0.5414697392755848,6
44,40,-0.4,0.43200000000000005,6
44,41,0.6324555320336758,0.17780780835622148,6
44,42,0.8944271909999161,0.01613008990009244,6
45,1,-0.22086305214969304,0.6740923254864286,6
45,2,0.15617376188860607,0.767643915238903,6
45,3,-0.4417261042993861,0.3805060732386658,6
45,4,-0.4685212856658182,0.3486411394402041,6
45,5,-0.22086305214969307,0.6740923254864286,6
45,6,0.48890120703870465,0.32507784589291017,6
45,7,-0.06984302957695782,0.8954058044871899,6
45,8,-0.220863052149693,0.6740923254864286,6
45,9,0.4417261042993862,0.3805060732386658,6
45,10,-0.4417261042993862,0.3805060732386658,6
45,11,-0.4685212856658182,0.3486411394402041,6
45,12,0.15617376188860607,0.767643915238903,6
45,13,,,6
45,14,,,6
45,15,0.22086305214969307,0.6740923254864286,6
45,16,-0.4685212856658182,0.3486411394402041,6
45,17,0.15617376188860607,0.767643915238903,6
45,18,-0.06984302957695782,0.8954058044871899,6
45,19,0.11043152607484653,0.8350260738516012,6
45,20,0.48890120703870465,0.32507784589291017,6
45,21,0.48890120703870465,0.32507784589291017,6
45,22,0.15617376188860607,0.767643915238903,6
45,23,-0.15617376188860607,0.767643915238903,6
45,24,0.48890120703870465,0.32507784589291017,6
45,25,0.48890120703870465,0.32507784589291017,6
45,26,,,3
45,27,,,6
45,28,0.22086305214969304,0.6740923254864286,6
45,29,0.441726104299386,0.3805060732386658,6
45,30,0.220863052149693,0.6740923254864286,6
45,31,-0.768273325346536,0.07432433482636872,6
45,32,0.11043152607484655,0.8350260738516012,6
45,33,-0.15617376188860607,0.767643915238903,6
45,34,0.15617376188860607,0.767643915238903,6
45,35,0.4685212856658182,0.3486411394402041,6
45,36,0.06984302957695782,0.8954058044871899,6
45,37,0.15617376188860607,0.767643915238903,6
45,38,-0.15617376188860607,0.767643915238903,6
45,39,-0.7730206825239256,0.07143247282186971,6
45,40,-0.3492151478847891,0.4974708847511571,6
45,41,0.22086305214969304,0.6740923254864286,6
45,42,0.7808688094430304,0.06676654481198818,6
46,1,0.3162277660168379,0.5414697392755848,6
46,2,0.447213595499958,0.373900966300059,6
46,3,0.6324555320336758,0.17780780835622148,6
46,4,0.447213595499958,0.373900966300059,6
46,5,-0.6324555320336758,0.17780780835622148,6
46,6,0.19999999999999993,0.7040000000000001,6
46,7,-0.19999999999999993,0.7040000000000001,6
46,8,0.3162277660168379,0.5414697392755848,6
46,9,-0.6324555320336758,0.17780780835622148,6
46,10,0.6324555320336758,0.17780780835622148,6
46,11,0.447213595499958,0.373900966300059,6
46,12,-0.447213595499958,0.373900966300059,6
46,13,,,6
46,14,,,6
46,15,-0.31622776601683794,0.5414697392755848,6
46,16,0.447213595499958,0.373900966300059,6
46,17,0.447213595499958,0.373900966300059,6
46,18,-0.19999999999999993,0.7040000000000001,6
46,19,0.31622776601683794,0.5414697392755848,6
46,20,0.19999999999999993,0.7040000000000001,6
46,21,0.19999999999999993,0.7040000000000001,6
46,22,0.447213595499958,0.373900966300059,6
46,23,-0.447213595499958,0.373900966300059,6
46,24,0.19999999999999993,0.7040000000000001,6
46,25,0.19999999999999993,0.7040000000000001,6
46,26,,,3
46,27,,,6
46,28,-0.3162277660168379,0.5414697392755848,6
46,29,0.3162277660168379,0.5414697392755848,6
46,30,-0.3162277660168379,0.5414697392755848,6
46,31,0.19999999999999996,0.7040000000000001,6
46,32,-0.6324555320336758,0.17780780835622148,6
46,33,-0.447213595499958,0.373900966300059,6
46,34,-0.447213595499958,0.373900966300059,6
46,35,-0.447213595499958,0.373900966300059,6
46,36,0.19999999999999993,0.7040000000000001,6
46,37,0.447213595499958,0.373900966300059,6
46,38,-0.447213595499958,0.373900966300059,6
46,39,-0.3162277660168379,0.5414697392755848,6
46,40,0.19999999999999996,0.7040000000000001,6
46,41,-0.3162277660168379,0.5414697392755848,6
46,42,-0.447213595499958,0.373900966300059,6
47,1,0.6324555320336758,0.17780780835622148,6
47,2,0.4472135954999581,0.3739009663000587,6
47,3,0.316227766016838,0.5414697392755848,6
47,4,-0.44721359549995804,0.3739009663000587,6
47,5,0.6324555320336758,0.17780780835622148,6
47,6,-0.19999999999999998,0.7040000000000001,6
47,7,-0.4,0.43200000000000005,6
47,8,-0.7905694150420948,0.061198819637512426,6
47,9,0.15811388300841897,0.7648055990249767,6
47,10,-0.15811388300841897,0.7648055990249767,6
47,11,-0.44721359549995804,0.3739009663000587,6
47,12,-5.551115123125783e-17,1.0,6
47,13,,,6
47,14,,,6
47,15,0.3162277660168379,0.5414697392755848,6
47,16,-0.44721359549995804,0.3739009663000587,6
47,17,-5.551115123125783e-17,1.0,6
47,18,-0.4,0.43200000000000005,6
47,19,0.15811388300841892,0.7648055990249767,6
47,20,-0.19999999999999998,0.7040000000000001,6
47,21,-0.8,0.05599999999999998,6
47,22,0.4472135954999581,0.3739009663000587,6
47,23,-0.4472135954999581,0.3739009663000587,6
47,24,-0.19999999999999998,0.7040000000000001,6
47,25,-0.8,0.05599999999999998,6
47,26,,,3
47,27,,,6
47,28,-0.6324555320336758,0.17780780835622148,6
47,29,-0.3162277660168379,0.5414697392755848,6
47,30,0.7905694150420948,0.061198819637512426,6
47,31,-0.19999999999999996,0.7040000000000001,6
47,32,0.6324555320336758,0.17780780835622148,6
47,33,-0.4472135954999581,0.3739009663000587,6
47,34,0.44721359549995804,0.3739009663000587,6
47,35,0.44721359549995804,0.3739009663000587,6
47,36,0.4,0.43200000000000005,6
47,37,0.4472135954999581,0.3739009663000587,6
47,38,-0.4472135954999581,0.3739009663000587,6
47,39,0.7905694150420948,0.061198819637512426,6
47,40,0.4,0.43200000000000005,6
47,41,-0.6324555320336758,0.17780780835622148,6
47,42,-0.4472135954999581,0.3739009663000587,6
48,1,-0.6324555320336759,0.17780780835622126,6
48,2,-0.447213595499958,0.373900966300059,6
48,3,-0.31622776601683794,0.5414697392755848,6
48,4,-0.447213595499958,0.373900966300059,6
48,5,-0.6324555320336759,0.17780780835622126,6
48,6,0.19999999999999996,0.7040000000000001,6
48,7,-0.19999999999999996,0.7040000000000001,6
48,8,0.3162277660168379,0.5414697392755848,6
48,9,0.31622776601683794,0.5414697392755848,6
48,10,-0.31622776601683794,0.5414697392755848,6
48,11,-0.447213595499958,0.373900966300059,6
48,12,-0.44721359549995804,0.3739009663000587,6
48,13,,,6
48,14,,,6
48,15,-0.31622776601683794,0.5414697392755848,6
48,16,-0.447213595499958,0.373900966300059,6
48,17,-0.447213595499958,0.373900966300059,6
48,18,-0.19999999999999996,0.7040000000000001,6
48,19,-0.6324555320336759,0.17780780835622126,6
48,20,0.19999999999999996,0.7040000000000001,6
48,21,0.19999999999999996,0.7040000000000001,6
48,22,-0.447213595499958,0.373900966300059,6
48,23,0.447213595499958,0.373900966300059,6
48,24,0.19999999999999996,0.7040000000000001,6
48,25,0.19999999999999996,0.7040000000000001,6
48,26,,,3
48,27,,,6
48,28,0.6324555320336759,0.17780780835622126,6
48,29,0.3162277660168379,0.5414697392755848,6
48,30,-0.3162277660168379,0.5414697392755848,6
48,31,0.1999999999999999,0.7040000000000001,6
48,32,0.31622776601683794,0.5414697392755848,6
48,33,0.447213595499958,0.373900966300059,6
48,34,-0.44721359549995804,0.3739009663000587,6
48,35,0.447213595499958,0.373900966300059,6
48,36,0.19999999999999996,0.7040000000000001,6
48,37,-0.447213595499958,0.373900966300059,6
48,38,0.447213595499958,0.373900966300059,6
48,39,-0.3162277660168379,0.5414697392755848,6
48,40,-0.9999999999999997,2.9582283945787934e-31,6
48,41,0.6324555320336759,0.17780780835622126,6
48,42,0.447213595499958,0.373900966300059,6
49,1,-0.4417261042993861,0.3805060732386658,6
49,2,-0.15617376188860607,0.767643915238903,6
49,3,-0.22086305214969315,0.6740923254864286,6
49,4,0.15617376188860607,0.767643915238903,6
49,5,-0.7730206825239259,0.07143247282186956,6
49,6,0.34921514788478913,0.4974708847511571,6
49,7,0.06984302957695782,0.8954058044871899,6
49,8,0.5521576303742327,0.255933924922528,6
49,9,-0.11043152607484652,0.8350260738516012,6
49,10,0.11043152607484652,0.8350260738516012,6
49,11,0.15617376188860607,0.767643915238903,6
49,12,-0.15617376188860613,0.767643915238903,6
49,13,,,6
49,14,,,6
49,15,-0.22086305214969315,0.6740923254864286,6
49,16,0.15617376188860607,0.767643915238903,6
49,17,0.15617376188860613,0.767643915238903,6
49,18,0.06984302957695782,0.8954058044871899,6
49,19,-0.11043152607484649,0.8350260738516012,6
49,20,0.34921514788478913,0.4974708847511571,6
49,21,0.7682733253465359,0.07432433482636885,6
49,22,-0.15617376188860607,0.767643915238903,6
49,23,0.15617376188860607,0.767643915238903,6
49,24,0.34921514788478913,0.4974708847511571,6
49,25,0.7682733253465359,0.07432433482636885,6
49,26,,,3
49,27,,,6
49,28,0.4417261042993861,0.3805060732386658,6
49,29,0.5521576303742327,0.255933924922528,6
49,30,-0.5521576303742327,0.255933924922528,6
49,31,-0.06984302957695782,0.8954058044871899,6
49,32,-0.44172610429938625,0.3805060732386656,6
49,33,0.15617376188860607,0.767643915238903,6
49,34,-0.4685212856658183,0.34864113944020386,6
49,35,-0.15617376188860607,0.767643915238903,6
49,36,-0.06984302957695782,0.8954058044871899,6
49,37,-0.15617376188860607,0.767643915238903,6
49,38,0.15617376188860607,0.767643915238903,6
49,39,-0.8834522085987723,0.019583524603801476,6
49,40,-0.48890120703870465,0.32507784589291017,6
49,41,0.4417261042993861,0.3805060732386658,6
49,42,0.4685212856658183,0.34864113944020386,6
50,1,-0.10660035817780515,0.8407051465865752,6
50,2,-0.30151134457776363,0.5614380442505256,6
50,3,-0.8528028654224418,0.03090583474722529,6
50,4,-0.30151134457776363,0.5614380442505256,6
50,5,0.21320071635561041,0.6850443962928483,6
50,6,-0.2696799449852968,0.6052866259760658,6
50,7,-0.13483997249264842,0.7989658591927788,6
50,8,-0.10660035817780518,0.8407051465865752,6
50,9,0.21320071635561041,0.6850443962928483,6
50,10,-0.21320071635561041,0.6850443962928483,6
50,11,-0.30151134457776363,0.5614380442505256,6
50,12,0.6030226891555273,0.2051064552040777,6
50,13,,,6
50,14,,,6
50,15,0.7462025072446363,0.08844580080910895,6
50,16,-0.30151134457776363,0.5614380442505256,6
50,17,0.30151134457776363,0.5614380442505256,6
50,18,-0.13483997249264842,0.7989658591927788,6
50,19,-0.4264014327112208,0.39916161754327967,6
50,20,-0.2696799449852968,0.6052866259760658,6
50,21,0.5393598899705935,0.2694125126761962,6
50,22,-0.30151134457776363,0.5614380442505256,6
50,23,0.30151134457776363,0.5614380442505256,6
50,24,-0.2696799449852968,0.6052866259760658,6
50,25,0.5393598899705935,0.2694125126761962,6
50,26,,,3
50,27,,,6
50,28,0.10660035817780515,0.8407051465865752,6
50,29,0.533001790889026,0.2762077953268341,6
50,30,0.10660035817780518,0.8407051465865752,6
50,31,-0.674199862463242,0.14192744777405567,6
50,32,0.5330017908890261,0.2762077953268339,6
50,33,0.30151134457776363,0.5614380442505256,6
50,34,-2.7755575615628914e-17,1.0,6
50,35,0.30151134457776363,0.5614380442505256,6
50,36,0.13483997249264842,0.7989658591927788,6
50,37,-0.30151134457776363,0.5614380442505256,6
50,38,0.30151134457776363,0.5614380442505256,6
50,39,-0.21320071635561044,0.6850443962928483,6
50,40,-0.2696799449852968,0.6052866259760658,6
50,41,0.10660035817780515,0.8407051465865752,6
50,42,0.6030226891555273,0.2051064552040777,6
51,1,0.43301270189221924,0.3910758879640668,6
51,2,0.8164965809277261,0.04742065558431951,6
51,3,0.8660254037844386,0.025721420742506544,6
51,4,-0.408248290463863,0.4216482551761939,6
51,5,-0.4330127018922193,0.3910758879640668,6
51,6,0.5477225575051661,0.2605745473680258,6
51,7,-0.5477225575051661,0.2605745473680258,6
51,8,-0.43301270189221924,0.3910758879640668,6
51,9,0.0,1.0,6
51,10,0.0,1.0,6
51,11,-0.408248290463863,0.4216482551761939,6
51,12,-0.8164965809277261,0.04742065558431951,6
51,13,,,6
51,14,,,6
51,15,-0.4330127018922193,0.3910758879640668,6
51,16,-0.408248290463863,0.4216482551761939,6
51,17,0.0,1.0,6
51,18,-0.5477225575051661,0.2605745473680258,6
51,19,0.4330127018922193,0.3910758879640668,6
51,20,0.5477225575051661,0.2605745473680258,6
51,21,-0.5477225575051661,0.2605745473680258,6
51,22,0.8164965809277261,0.04742065558431951,6
51,23,-0.8164965809277261,0.04742065558431951,6
51,24,0.5477225575051661,0.2605745473680258,6
51,25,-0.5477225575051661,0.2605745473680258,6
51,26,,,3
51,27,,,6
51,28,-0.43301270189221924,0.3910758879640668,6
51,29,0.0,1.0,6
51,30,0.43301270189221924,0.3910758879640668,6
51,31,0.0,1.0,6
51,32,-5.551115123125783e-17,1.0,6
51,33,-0.8164965809277261,0.04742065558431951,6
51,34,0.0,1.0,6
51,35,0.408248290463863,0.4216482551761939,6
51,36,0.5477225575051661,0.2605745473680258,6
51,37,0.8164965809277261,0.04742065558431951,6
51,38,-0.8164965809277261,0.04742065558431951,6
51,39,0.0,1.0,6
51,40,0.0,1.0,6
51,41,-0.43301270189221924,0.3910758879640668,6
51,42,-0.4082482904638631,0.4216482551761939,6
52,1,-0.6565321642986126,0.15669575447850614,6
52,2,-0.5570860145311557,0.2508153597684457,6
52,3,-0.9191450300180579,0.009541993515023814,6
52,4,-0.1856953381770519,0.7246586364960956,6
52,5,0.13130643285972254,0.8041723027178274,6
52,6,0.08304547985373996,0.8757181439430237,6
52,7,0.4152273992686998,0.41295436655114864,6
52,8,0.1313064328597225,0.8041723027178278,6
52,9,0.5252257314388902,0.28460633131599433,6
52,10,-0.5252257314388902,0.28460633131599433,6
52,11,-0.1856953381770519,0.7246586364960956,6
52,12,0.5570860145311557,0.2508153597684457,6
52,13,,,6
52,14,,,6
52,15,0.2626128657194451,0.6151363174801235,6
52,16,-0.1856953381770519,0.7246586364960956,6
52,17,-0.1856953381770519,0.7246586364960956,6
52,18,0.4152273992686998,0.41295436655114864,6
52,19,-0.2626128657194451,0.6151363174801235,6
52,20,0.08304547985373996,0.8757181439430237,6
52,21,0.5813183589761798,0.22624521874205025,6
52,22,-0.5570860145311557,0.2508153597684457,6
52,23,0.5570860145311557,0.2508153597684457,6
52,24,0.08304547985373996,0.8757181439430237,6
52,25,0.5813183589761798,0.22624521874205025,6
52,26,,,3
52,27,,,6
52,28,0.6565321642986126,0.15669575447850614,6
52,29,0.1313064328597225,0.8041723027178278,6
52,30,-0.1313064328597225,0.8041723027178278,6
52,31,-0.41522739926869984,0.4129543665511485,6
52,32,0.13130643285972254,0.8041723027178274,6
52,33,0.5570860145311557,0.2508153597684457,6
52,34,0.1856953381770519,0.7246586364960956,6
52,35,0.1856953381770519,0.7246586364960956,6
52,36,-0.4152273992686998,0.41295436655114864,6
52,37,-0.5570860145311557,0.2508153597684457,6
52,38,0.5570860145311557,0.2508153597684457,6
52,39,-0.5252257314388901,0.28460633131599433,6
52,40,-0.41522739926869984,0.4129543665511485,6
52,41,0.6565321642986126,0.15669575447850614,6
52,42,0.9284766908852595,0.00749043388127448,6
53,1,0.4999999999999999,0.3125,6
53,2,0.35355339059327373,0.49176700102216897,6
53,3,0.6249999999999999,0.1845703125,6
53,4,0.7071067811865475,0.11611652351681563,6
53,5,0.12500000000000006,0.8134765625,6
53,6,-0.15811388300841894,0.7648055990249767,6
53,7,0.15811388300841894,0.7648055990249767,6
53,8,0.12499999999999992,0.8134765625,6
53,9,-0.6249999999999999,0.1845703125,6
53,10,0.6249999999999999,0.1845703125,6
53,11,0.7071067811865475,0.11611652351681563,6
53,12,-2.7755575615628914e-17,1.0,6
53,13,,,6
53,14,,,6
53,15,-0.12499999999999994,0.8134765625,6
53,16,0.7071067811865475,0.11611652351681563,6
53,17,0.35355339059327373,0.49176700102216897,6
53,18,0.15811388300841894,0.7648055990249767,6
53,19,0.5,0.3125,6
53,20,-0.15811388300841894,0.7648055990249767,6
53,21,-0.1581138830084189,0.7648055990249767,6
53,22,0.35355339059327373,0.49176700102216897,6
53,23,-0.35355339059327373,0.49176700102216897,6
53,24,-0.15811388300841894,0.7648055990249767,6
53,25,-0.1581138830084189,0.7648055990249767,6
53,26,,,3
53,27,,,6
53,28,-0.4999999999999999,0.3125,6
53,29,-0.24999999999999994,0.6328125,6
53,30,-0.12499999999999992,0.8134765625,6
53,31,0.3162277660168379,0.5414697392755848,6
53,32,-0.6249999999999999,0.1845703125,6
53,33,-0.35355339059327373,0.49176700102216897,6
53,34,-2.7755575615628914e-17,1.0,6
53,35,-0.7071067811865475,0.11611652351681563,6
53,36,-0.15811388300841894,0.7648055990249767,6
53,37,0.35355339059327373,0.49176700102216897,6
53,38,-0.35355339059327373,0.49176700102216897,6
53,39,0.24999999999999994,0.6328125,6
53,40,0.7905694150420945,0.06119881963751254,6
53,41,-0.4999999999999999,0.3125,6
53,42,-0.7071067811865475,0.11611652351681563,6
54,1,-0.7071067811865475,0.11611652351681563,6
54,2,0.0,1.0,6
54,3,0.0,1.0,6
54,4,-0.3333333333333334,0.5185185185185184,6
54,5,-0.3535533905932738,0.49176700102216897,6
54,6,0.894427190999916,0.016130089900092508,6
54,7,0.447213595499958,0.373900966300059,6
54,8,0.0,1.0,6
54,9,0.7071067811865476,0.11611652351681563,6
54,10,-0.7071067811865476,0.11611652351681563,6
54,11,-0.3333333333333334,0.5185185185185184,6
54,12,-0.3333333333333334,0.5185185185185184,6
54,13,,,6
54,14,,,6
54,15,-0.7071067811865476,0.11611652351681563,6
54,16,-0.3333333333333334,0.5185185185185184,6
54,17,-0.6666666666666669,0.14814814814814792,6
54,18,0.447213595499958,0.373900966300059,6
54,19,0.3535533905932738,0.49176700102216897,6
54,20,0.894427190999916,0.016130089900092508,6
54,21,0.0,1.0,6
54,22,0.0,1.0,6
54,23,0.0,1.0,6
54,24,0.894427190999916,0.016130089900092508,6
54,25,0.0,1.0,6
54,26,,,3
54,27,,,6
54,28,0.7071067811865475,0.11611652351681563,6
54,29,-0.35355339059327373,0.49176700102216897,6
54,30,0.0,1.0,6
54,31,0.0,1.0,6
54,32,-0.3535533905932738,0.49176700102216897,6
54,33,0.0,1.0,6
54,34,0.3333333333333334,0.5185185185185184,6
54,35,0.3333333333333334,0.5185185185185184,6
54,36,-0.447213595499958,0.373900966300059,6
54,37,0.0,1.0,6
54,38,0.0,1.0,6
54,39,-0.7071067811865475,0.11611652351681563,6
54,40,-0.447213595499958,0.373900966300059,6
54,41,0.7071067811865475,0.11611652351681563,6
54,42,0.6666666666666669,0.14814814814814792,6
55,1,0.0,1.0,6
55,2,0.3333333333333334,0.5185185185185184,6
55,3,0.0,1.0,6
55,4,-0.33333333333333337,0.5185185185185184,6
55,5,-0.7071067811865476,0.11611652351681563,6
55,6,0.447213595499958,0.373900966300059,6
55,7,-0.44721359549995804,0.3739009663000587,6
55,8,0.0,1.0,6
55,9,0.0,1.0,6
55,10,0.0,1.0,6
55,11,-0.33333333333333337,0.5185185185185184,6
55,12,-0.3333333333333334,0.5185185185185184,6
55,13,,,6
55,14,,,6
55,15,-1.3877787807814457e-17,1.0,6
55,16,-0.33333333333333337,0.5185185185185184,6
55,17,0.3333333333333334,0.5185185185185184,6
55,18,-0.44721359549995804,0.3739009663000587,6
55,19,1.3877787807814457e-17,1.0,6
55,20,0.447213595499958,0.373900966300059,6
55,21,0.447213595499958,0.373900966300059,6
55,22,0.3333333333333334,0.5185185185185184,6
55,23,-0.3333333333333334,0.5185185185185184,6
55,24,0.447213595499958,0.373900966300059,6
55,25,0.447213595499958,0.373900966300059,6
55,26,,,3
55,27,,,6
55,28,0.0,1.0,6
55,29,0.7071067811865475,0.11611652351681563,6
55,30,0.0,1.0,6
55,31,-0.44721359549995804,0.3739009663000587,6
55,32,0.0,1.0,6
55,33,-0.3333333333333334,0.5185185185185184,6
55,34,-0.3333333333333334,0.5185185185185184,6
55,35,0.33333333333333337,0.5185185185185184,6
55,36,0.44721359549995804,0.3739009663000587,6
55,37,0.3333333333333334,0.5185185185185184,6
55,38,-0.3333333333333334,0.5185185185185184,6
55,39,-0.7071067811865475,0.11611652351681563,6
55,40,-0.44721359549995804,0.3739009663000587,6
55,41,0.0,1.0,6
55,42,0.33333333333333337,0.5185185185185184,6
56,1,0.6859943405700352,0.13241892222024948,6
56,2,0.242535625036333,0.6433299631818631,6
56,3,-0.17149858514250882,0.7452741603030384,6
56,4,0.242535625036333,0.6433299631818631,6
56,5,0.6859943405700353,0.13241892222024948,6
56,6,-0.5423261445466403,0.2662646279663102,6
56,7,-0.10846522890932803,0.8379401873942981,6
56,8,-0.3429971702850176,0.5056805487068863,6
56,9,-0.34299717028501764,0.5056805487068863,6
56,10,0.34299717028501764,0.5056805487068863,6
56,11,0.242535625036333,0.6433299631818631,6
56,12,0.7276068751089989,0.10119150721829555,6
56,13,,,6
56,14,,,6
56,15,0.8574929257125441,0.029015363531383828,6
56,16,0.242535625036333,0.6433299631818631,6
56,17,0.7276068751089989,0.10119150721829555,6
56,18,-0.10846522890932803,0.8379401873942981,6
56,19,0.17149858514250885,0.7452741603030384,6
56,20,-0.5423261445466403,0.2662646279663102,6
56,21,0.10846522890932803,0.8379401873942981,6
56,22,0.242535625036333,0.6433299631818631,6
56,23,-0.242535625036333,0.6433299631818631,6
56,24,-0.5423261445466403,0.2662646279663102,6
56,25,0.10846522890932803,0.8379401873942981,6
56,26,,,3
56,27,,,6
56,28,-0.6859943405700352,0.13241892222024948,6
56,29,0.1714985851425088,0.7452741603030384,6
56,30,0.3429971702850176,0.5056805487068863,6
56,31,-0.5423261445466405,0.2662646279663099,6
56,32,0.17149858514250882,0.7452741603030384,6
56,33,-0.242535625036333,0.6433299631818631,6
56,34,0.2425356250363329,0.6433299631818634,6
56,35,-0.242535625036333,0.6433299631818631,6
56,36,0.10846522890932803,0.8379401873942981,6
56,37,0.242535625036333,0.6433299631818631,6
56,38,-0.242535625036333,0.6433299631818631,6
56,39,0.3429971702850175,0.5056805487068863,6
56,40,0.7592566023652965,0.07995964654558185,6
56,41,-0.6859943405700352,0.13241892222024948,6
56,42,-0.242535625036333,0.6433299631818631,6
57,1,-0.3162277660168379,0.5414697392755848,6
57,2,0.44721359549995804,0.3739009663000587,6
57,3,0.316227766016838,0.5414697392755848,6
57,4,-0.44721359549995804,0.3739009663000587,6
57,5,-0.316227766016838,0.5414697392755848,6
57,6,1.0,0.0,6
57,7,0.19999999999999998,0.7040000000000001,6
57,8,-0.3162277660168379,0.5414697392755848,6
57,9,0.632455532033676,0.17780780835622126,6
57,10,-0.632455532033676,0.17780780835622126,6
57,11,-0.44721359549995804,0.3739009663000587,6
57,12,-0.44721359549995804,0.3739009663000587,6
57,13,,,6
57,14,,,6
57,15,-0.632455532033676,0.17780780835622126,6
57,16,-0.44721359549995804,0.3739009663000587,6
57,17,-0.44721359549995804,0.3739009663000587,6
57,18,0.19999999999999998,0.7040000000000001,6
57,19,0.632455532033676,0.17780780835622126,6
57,20,1.0,0.0,6
57,21,-0.19999999999999998,0.7040000000000001,6
57,22,0.44721359549995804,0.3739009663000587,6
57,23,-0.44721359549995804,0.3739009663000587,6
57,24,1.0,0.0,6
57,25,-0.19999999999999998,0.7040000000000001,6
57,26,,,3
57,27,,,6
57,28,0.3162277660168379,0.5414697392755848,6
57,29,-0.3162277660168379,0.5414697392755848,6
57,30,0.3162277660168379,0.5414697392755848,6
57,31,-0.19999999999999996,0.7040000000000001,6
57,32,-0.316227766016838,0.5414697392755848,6
57,33,-0.44721359549995804,0.3739009663000587,6
57,34,0.44721359549995804,0.3739009663000587,6
57,35,0.44721359549995804,0.3739009663000587,6
57,36,-0.19999999999999998,0.7040000000000001,6
57,37,0.44721359549995804,0.3739009663000587,6
57,38,-0.44721359549995804,0.3739009663000587,6
57,39,-0.6324555320336758,0.17780780835622148,6
57,40,-0.19999999999999996,0.7040000000000001,6
57,41,0.3162277660168379,0.5414697392755848,6
57,42,0.44721359549995815,0.3739009663000587,6
58,1,-0.13130643285972252,0.8041723027178278,6
58,2,0.18569533817705192,0.7246586364960956,6
58,3,0.5252257314388902,0.28460633131599433,6
58,4,-0.5570860145311557,0.2508153597684457,6
58,5,-0.5252257314388902,0.28460633131599433,6
58,6,0.4152273992686998,0.41295436655114864,6
58,7,-0.4152273992686998,0.41295436655114864,6
58,8,-0.13130643285972257,0.8041723027178274,6
58,9,0.26261286571944514,0.6151363174801235,6
58,10,-0.26261286571944514,0.6151363174801235,6
58,11,-0.5570860145311557,0.2508153597684457,6
58,12,-0.9284766908852593,0.007490433881274527,6
58,13,,,6
58,14,,,6
58,15,-0.6565321642986127,0.15669575447850598,6
58,16,-0.5570860145311557,0.2508153597684457,6
58,17,-0.5570860145311556,0.2508153597684459,6
58,18,-0.4152273992686998,0.41295436655114864,6
58,19,-0.13130643285972252,0.8041723027178278,6
58,20,0.4152273992686998,0.41295436655114864,6
58,21,-0.5813183589761798,0.22624521874205025,6
58,22,0.18569533817705192,0.7246586364960956,6
58,23,-0.18569533817705192,0.7246586364960956,6
58,24,0.4152273992686998,0.41295436655114864,6
58,25,-0.5813183589761798,0.22624521874205025,6
58,26,,,3
58,27,,,6
58,28,0.13130643285972252,0.8041723027178278,6
58,29,-0.13130643285972252,0.8041723027178278,6
58,30,0.13130643285972257,0.8041723027178274,6
58,31,0.41522739926869967,0.41295436655114864,6
58,32,0.26261286571944514,0.6151363174801235,6
58,33,-0.18569533817705192,0.7246586364960956,6
58,34,-0.18569533817705186,0.7246586364960956,6
58,35,0.5570860145311557,0.2508153597684457,6
58,36,0.4152273992686998,0.41295436655114864,6
58,37,0.18569533817705192,0.7246586364960956,6
58,38,-0.18569533817705192,0.7246586364960956,6
58,39,0.13130643285972252,0.8041723027178278,6
58,40,-0.5813183589761798,0.22624521874205025,6
58,41,0.13130643285972252,0.8041723027178278,6
58,42,-0.18569533817705186,0.7246586364960956,6
59,1,0.685994340570035,0.13241892222024965,6
59,2,0.7276068751089989,0.10119150721829555,6
59,3,0.857492925712544,0.029015363531383828,6
59,4,0.24253562503633297,0.6433299631818631,6
59,5,0.17149858514250882,0.7452741603030384,6
59,6,0.1084652289093281,0.837940187394298,6
59,7,-0.10846522890932808,0.837940187394298,6
59,8,-0.3429971702850175,0.5056805487068863,6
59,9,-0.34299717028501764,0.5056805487068863,6
59,10,0.34299717028501764,0.5056805487068863,6
59,11,0.24253562503633297,0.6433299631818631,6
59,12,-0.24253562503633302,0.6433299631818631,6
59,13,,,6
59,14,,,6
59,15,-0.17149858514250882,0.7452741603030384,6
59,16,0.24253562503633297,0.6433299631818631,6
59,17,0.24253562503633297,0.6433299631818631,6
59,18,-0.10846522890932808,0.837940187394298,6
59,19,0.6859943405700353,0.13241892222024948,6
59,20,0.1084652289093281,0.837940187394298,6
59,21,-0.5423261445466403,0.2662646279663102,6
59,22,0.7276068751089989,0.10119150721829555,6
59,23,-0.7276068751089989,0.10119150721829555,6
59,24,0.1084652289093281,0.837940187394298,6
59,25,-0.5423261445466403,0.2662646279663102,6
59,26,,,3
59,27,,,6
59,28,-0.685994340570035,0.13241892222024965,6
59,29,-0.3429971702850175,0.5056805487068863,6
59,30,0.3429971702850175,0.5056805487068863,6
59,31,0.10846522890932808,0.837940187394298,6
59,32,-0.34299717028501764,0.5056805487068863,6
59,33,-0.7276068751089989,0.10119150721829555,6
59,34,0.24253562503633294,0.6433299631818634,6
59,35,-0.24253562503633297,0.6433299631818631,6
59,36,0.10846522890932808,0.837940187394298,6
59,37,0.7276068751089989,0.10119150721829555,6
59,38,-0.7276068751089989,0.10119150721829555,6
59,39,0.34299717028501764,0.5056805487068863,6
59,40,0.7592566023652964,0.07995964654558185,6
59,41,-0.685994340570035,0.13241892222024965,6
59,42,-0.7276068751089989,0.10119150721829555,6
60,1,0.22086305214969298,0.6740923254864286,6
60,2,-0.15617376188860607,0.767643915238903,6
60,3,0.11043152607484652,0.8350260738516012,6
60,4,0.7808688094430304,0.06676654481198818,6
60,5,0.5521576303742327,0.255933924922528,6
60,6,-0.48890120703870465,0.32507784589291017,6
60,7,0.48890120703870465,0.32507784589291017,6
60,8,0.22086305214969304,0.6740923254864286,6
60,9,-0.4417261042993862,0.3805060732386658,6
60,10,0.4417261042993862,0.3805060732386658,6
60,11,0.7808688094430304,0.06676654481198818,6
60,12,0.4685212856658182,0.3486411394402041,6
60,13,,,6
60,14,,,6
60,15,0.11043152607484653,0.8350260738516012,6
60,16,0.7808688094430304,0.06676654481198818,6
60,17,0.15617376188860604,0.767643915238903,6
60,18,0.48890120703870465,0.32507784589291017,6
60,19,0.22086305214969307,0.6740923254864286,6
60,20,-0.48890120703870465,0.32507784589291017,6
60,21,-0.06984302957695782,0.8954058044871899,6
60,22,-0.15617376188860607,0.767643915238903,6
60,23,0.15617376188860607,0.767643915238903,6
60,24,-0.48890120703870465,0.32507784589291017,6
60,25,-0.06984302957695782,0.8954058044871899,6
60,26,,,3
60,27,,,6
60,28,-0.22086305214969298,0.6740923254864286,6
60,29,-0.44172610429938614,0.3805060732386658,6
60,30,-0.22086305214969304,0.6740923254864286,6
60,31,0.3492151478847891,0.4974708847511571,6
60,32,-0.4417261042993861,0.3805060732386658,6
60,33,0.15617376188860607,0.767643915238903,6
60,34,0.15617376188860607,0.767643915238903,6
60,35,-0.7808688094430304,0.06676654481198818,6
60,36,-0.48890120703870465,0.32507784589291017,6
60,37,-0.15617376188860607,0.767643915238903,6
60,38,0.15617376188860607,0.767643915238903,6
60,39,0.4417261042993861,0.3805060732386658,6
60,40,0.768273325346536,0.07432433482636872,6
60,41,-0.22086305214969298,0.6740923254864286,6
60,42,-0.4685212856658182,0.3486411394402041,6
